source,split,session,variant,reference_characters,errors,substitutions,deletions,insertions,cpcer,input_raw_characters,output_raw_characters,removed_raw_characters,output_normalized_characters,guard_or_baseline_events
learned,Eval1,A5E1_001,canonical_guard_keep2,1415,1322,414,646,262,0.9342756183745583,5205,1052,4153,1031,11
learned,Eval1,A5E1_001,keep_repeats_0,1415,1305,395,668,242,0.9222614840989399,5205,1002,4203,989,11
learned,Eval1,A5E1_001,keep_repeats_1,1415,1313,404,657,252,0.9279151943462898,5205,1027,4178,1010,11
learned,Eval1,A5E1_001,keep_repeats_2,1415,1322,414,646,262,0.9342756183745583,5205,1052,4153,1031,11
learned,Eval1,A5E1_001,keep_repeats_3,1415,1331,424,635,272,0.9406360424028268,5205,1077,4128,1052,11
learned,Eval1,A5E1_001,matched_hash_delete_seed_a,1415,1388,505,633,250,0.9809187279151943,5205,1052,4153,1032,11
learned,Eval1,A5E1_001,matched_hash_delete_seed_b,1415,1392,515,631,246,0.9837455830388693,5205,1052,4153,1030,11
learned,Eval1,A5E1_001,matched_hash_delete_seed_c,1415,1395,505,635,255,0.9858657243816255,5205,1052,4153,1035,11
learned,Eval1,A5E1_001,matched_hash_delete_seed_mean,1415,1391.6666666666665,508.3333333333333,633.0,250.33333333333334,0.9835100117785629,5205,1052,4153,1032.3333333333333,11
learned,Eval1,A5E1_001,matched_prefix,1415,1322,415,645,262,0.9342756183745583,5205,1052,4153,1032,11
learned,Eval1,A5E1_001,matched_suffix,1415,1396,513,635,248,0.9865724381625441,5205,1052,4153,1028,11
learned,Eval1,A5E1_001,triggered_segment_abstain,1415,1285,276,881,128,0.9081272084805654,5205,663,4542,662,11
learned,Eval1,A5E1_002,canonical_guard_keep2,3204,2904,601,1359,944,0.9063670411985019,9028,2836,6192,2789,16
learned,Eval1,A5E1_002,keep_repeats_0,3204,2862,603,1383,876,0.8932584269662921,9028,2734,6294,2697,16
learned,Eval1,A5E1_002,keep_repeats_1,3204,2883,620,1362,901,0.899812734082397,9028,2785,6243,2743,16
learned,Eval1,A5E1_002,keep_repeats_2,3204,2904,601,1359,944,0.9063670411985019,9028,2836,6192,2789,16
learned,Eval1,A5E1_002,keep_repeats_3,3204,2927,620,1338,969,0.91354556803995,9028,2887,6141,2835,16
learned,Eval1,A5E1_002,matched_hash_delete_seed_a,3204,2964,694,1338,932,0.9250936329588015,9028,2836,6192,2798,16
learned,Eval1,A5E1_002,matched_hash_delete_seed_b,3204,2955,692,1338,925,0.9222846441947565,9028,2836,6192,2791,16
learned,Eval1,A5E1_002,matched_hash_delete_seed_c,3204,2966,695,1338,933,0.9257178526841449,9028,2836,6192,2799,16
learned,Eval1,A5E1_002,matched_hash_delete_seed_mean,3204,2961.6666666666665,693.6666666666666,1338.0,930.0,0.9243653766125676,9028,2836,6192,2796.0,16
learned,Eval1,A5E1_002,matched_prefix,3204,2905,604,1356,945,0.9066791510611736,9028,2836,6192,2793,16
learned,Eval1,A5E1_002,matched_suffix,3204,2964,695,1341,928,0.9250936329588015,9028,2836,6192,2791,16
learned,Eval1,A5E1_002,triggered_segment_abstain,3204,2750,560,1498,692,0.8583021223470662,9028,2412,6616,2398,16
learned,Eval1,A5E1_003,canonical_guard_keep2,2425,3019,988,817,1214,1.2449484536082474,7220,3028,4192,2822,13
learned,Eval1,A5E1_003,keep_repeats_0,2425,2962,971,835,1156,1.2214432989690722,7220,2938,4282,2746,13
learned,Eval1,A5E1_003,keep_repeats_1,2425,2989,978,826,1185,1.2325773195876288,7220,2983,4237,2784,13
learned,Eval1,A5E1_003,keep_repeats_2,2425,3019,988,817,1214,1.2449484536082474,7220,3028,4192,2822,13
learned,Eval1,A5E1_003,keep_repeats_3,2425,3047,996,808,1243,1.2564948453608247,7220,3073,4147,2860,13
learned,Eval1,A5E1_003,matched_hash_delete_seed_a,2425,3048,1022,820,1206,1.2569072164948454,7220,3028,4192,2811,11
learned,Eval1,A5E1_003,matched_hash_delete_seed_b,2425,3038,1016,822,1200,1.2527835051546392,7220,3028,4192,2803,11
learned,Eval1,A5E1_003,matched_hash_delete_seed_c,2425,3050,1026,819,1205,1.2577319587628866,7220,3028,4192,2811,11
learned,Eval1,A5E1_003,matched_hash_delete_seed_mean,2425,3045.3333333333335,1021.3333333333334,820.3333333333334,1203.6666666666667,1.2558075601374572,7220,3028,4192,2808.3333333333335,11
learned,Eval1,A5E1_003,matched_prefix,2425,3027,988,817,1222,1.2482474226804123,7220,3028,4192,2830,11
learned,Eval1,A5E1_003,matched_suffix,2425,3052,1034,826,1192,1.2585567010309278,7220,3028,4192,2791,11
learned,Eval1,A5E1_003,triggered_segment_abstain,2425,2820,887,995,938,1.1628865979381444,7220,2526,4694,2368,11
learned,Eval1,A5E1_004,canonical_guard_keep2,2543,2652,574,1085,993,1.042862760519072,6384,2520,3864,2451,10
learned,Eval1,A5E1_004,keep_repeats_0,2543,2627,547,1115,965,1.033031852143138,6384,2458,3926,2393,10
learned,Eval1,A5E1_004,keep_repeats_1,2543,2639,560,1100,979,1.0377506881635863,6384,2489,3895,2422,10
learned,Eval1,A5E1_004,keep_repeats_2,2543,2652,574,1085,993,1.042862760519072,6384,2520,3864,2451,10
learned,Eval1,A5E1_004,keep_repeats_3,2543,2666,589,1070,1007,1.048368069209595,6384,2551,3833,2480,10
learned,Eval1,A5E1_004,matched_hash_delete_seed_a,2543,2689,622,1082,985,1.0574125049154541,6384,2520,3864,2446,10
learned,Eval1,A5E1_004,matched_hash_delete_seed_b,2543,2695,621,1084,990,1.0597719229256783,6384,2520,3864,2449,10
learned,Eval1,A5E1_004,matched_hash_delete_seed_c,2543,2689,619,1085,985,1.0574125049154541,6384,2520,3864,2443,10
learned,Eval1,A5E1_004,matched_hash_delete_seed_mean,2543,2691.0,620.6666666666666,1083.6666666666667,986.6666666666666,1.058198977585529,6384,2520,3864,2446.0,10
learned,Eval1,A5E1_004,matched_prefix,2543,2653,575,1084,994,1.0432559968541093,6384,2520,3864,2453,10
learned,Eval1,A5E1_004,matched_suffix,2543,2693,623,1085,985,1.0589854502556035,6384,2520,3864,2443,10
learned,Eval1,A5E1_004,triggered_segment_abstain,2543,2598,496,1222,880,1.0216279984270547,6384,2259,4125,2201,10
learned,Eval1,A5E1_005,canonical_guard_keep2,2979,3006,675,1088,1243,1.0090634441087614,7472,3202,4270,3134,10
learned,Eval1,A5E1_005,keep_repeats_0,2979,2970,659,1104,1207,0.9969788519637462,7472,3146,4326,3082,10
learned,Eval1,A5E1_005,keep_repeats_1,2979,2988,667,1096,1225,1.0030211480362539,7472,3174,4298,3108,10
learned,Eval1,A5E1_005,keep_repeats_2,2979,3006,675,1088,1243,1.0090634441087614,7472,3202,4270,3134,10
learned,Eval1,A5E1_005,keep_repeats_3,2979,3024,683,1080,1261,1.0151057401812689,7472,3230,4242,3160,10
learned,Eval1,A5E1_005,matched_hash_delete_seed_a,2979,3017,698,1088,1231,1.0127559583752936,7472,3202,4270,3122,10
learned,Eval1,A5E1_005,matched_hash_delete_seed_b,2979,3026,697,1088,1241,1.0157771064115475,7472,3202,4270,3132,10
learned,Eval1,A5E1_005,matched_hash_delete_seed_c,2979,3014,698,1088,1228,1.0117489090298757,7472,3202,4270,3119,10
learned,Eval1,A5E1_005,matched_hash_delete_seed_mean,2979,3019.0,697.6666666666666,1088.0,1233.3333333333333,1.0134273246055723,7472,3202,4270,3124.3333333333335,10
learned,Eval1,A5E1_005,matched_prefix,2979,3007,675,1088,1244,1.0093991272239007,7472,3202,4270,3135,10
learned,Eval1,A5E1_005,matched_suffix,2979,3017,699,1088,1230,1.0127559583752936,7472,3202,4270,3121,10
learned,Eval1,A5E1_005,triggered_segment_abstain,2979,2826,642,1148,1036,0.9486404833836858,7472,2929,4543,2867,10
learned,Eval1,A5E1_006,canonical_guard_keep2,2142,2331,522,1043,766,1.088235294117647,7026,1913,5113,1865,13
learned,Eval1,A5E1_006,keep_repeats_0,2142,2263,512,1056,695,1.0564892623716153,7026,1819,5207,1781,13
learned,Eval1,A5E1_006,keep_repeats_1,2142,2298,519,1049,730,1.072829131652661,7026,1866,5160,1823,13
learned,Eval1,A5E1_006,keep_repeats_2,2142,2331,522,1043,766,1.088235294117647,7026,1913,5113,1865,13
learned,Eval1,A5E1_006,keep_repeats_3,2142,2366,527,1037,802,1.1045751633986929,7026,1960,5066,1907,13
learned,Eval1,A5E1_006,matched_hash_delete_seed_a,2142,2363,562,1042,759,1.1031746031746033,7026,1913,5113,1859,13
learned,Eval1,A5E1_006,matched_hash_delete_seed_b,2142,2363,563,1042,758,1.1031746031746033,7026,1913,5113,1858,13
learned,Eval1,A5E1_006,matched_hash_delete_seed_c,2142,2353,563,1042,748,1.0985060690943045,7026,1913,5113,1848,13
learned,Eval1,A5E1_006,matched_hash_delete_seed_mean,2142,2359.6666666666665,562.6666666666666,1042.0,755.0,1.101618425147837,7026,1913,5113,1855.0,13
learned,Eval1,A5E1_006,matched_prefix,2142,2333,522,1043,768,1.0891690009337067,7026,1913,5113,1867,13
learned,Eval1,A5E1_006,matched_suffix,2142,2364,566,1042,756,1.1036414565826331,7026,1913,5113,1856,13
learned,Eval1,A5E1_006,triggered_segment_abstain,2142,2126,433,1182,511,0.992530345471522,7026,1490,5536,1471,13
learned,Eval1,A5E1_007,canonical_guard_keep2,2939,3002,627,1399,976,1.0214358625382782,6988,2556,4432,2516,9
learned,Eval1,A5E1_007,keep_repeats_0,2939,2965,624,1407,934,1.0088465464443688,6988,2504,4484,2466,9
learned,Eval1,A5E1_007,keep_repeats_1,2939,2983,625,1403,955,1.0149710785981627,6988,2530,4458,2491,9
learned,Eval1,A5E1_007,keep_repeats_2,2939,3002,627,1399,976,1.0214358625382782,6988,2556,4432,2516,9
learned,Eval1,A5E1_007,keep_repeats_3,2939,3021,629,1395,997,1.027900646478394,6988,2582,4406,2541,9
learned,Eval1,A5E1_007,matched_hash_delete_seed_a,2939,3008,630,1399,979,1.0234773732562097,6988,2556,4432,2519,9
learned,Eval1,A5E1_007,matched_hash_delete_seed_b,2939,3010,632,1400,978,1.0241578768288533,6988,2556,4432,2517,9
learned,Eval1,A5E1_007,matched_hash_delete_seed_c,2939,3010,632,1400,978,1.0241578768288533,6988,2556,4432,2517,9
learned,Eval1,A5E1_007,matched_hash_delete_seed_mean,2939,3009.3333333333335,631.3333333333334,1399.6666666666667,978.3333333333334,1.0239310423046388,6988,2556,4432,2517.6666666666665,9
learned,Eval1,A5E1_007,matched_prefix,2939,3002,628,1398,976,1.0214358625382782,6988,2556,4432,2517,9
learned,Eval1,A5E1_007,matched_suffix,2939,3009,631,1399,979,1.0238176250425315,6988,2556,4432,2519,9
learned,Eval1,A5E1_007,triggered_segment_abstain,2939,2869,614,1421,834,0.9761823749574685,6988,2386,4602,2352,9
learned,Eval1,A5E1_008,canonical_guard_keep2,4270,4414,1124,1091,2199,1.0337236533957845,13430,5422,8008,5378,23
learned,Eval1,A5E1_008,keep_repeats_0,4270,4320,1076,1143,2101,1.0117096018735363,13430,5272,8158,5228,23
learned,Eval1,A5E1_008,keep_repeats_1,4270,4367,1070,1132,2165,1.0227166276346604,13430,5347,8083,5303,23
learned,Eval1,A5E1_008,keep_repeats_2,4270,4414,1124,1091,2199,1.0337236533957845,13430,5422,8008,5378,23
learned,Eval1,A5E1_008,keep_repeats_3,4270,4464,1119,1081,2264,1.0454332552693208,13430,5497,7933,5453,23
learned,Eval1,A5E1_008,matched_hash_delete_seed_a,4270,4441,1146,1088,2207,1.0400468384074941,13430,5422,8008,5389,21
learned,Eval1,A5E1_008,matched_hash_delete_seed_b,4270,4441,1148,1088,2205,1.0400468384074941,13430,5422,8008,5387,21
learned,Eval1,A5E1_008,matched_hash_delete_seed_c,4270,4445,1143,1093,2209,1.040983606557377,13430,5422,8008,5386,21
learned,Eval1,A5E1_008,matched_hash_delete_seed_mean,4270,4442.333333333334,1145.6666666666667,1089.6666666666667,2207.0,1.0403590944574552,13430,5422,8008,5387.333333333333,21
learned,Eval1,A5E1_008,matched_prefix,4270,4415,1125,1090,2200,1.0339578454332552,13430,5422,8008,5380,21
learned,Eval1,A5E1_008,matched_suffix,4270,4443,1145,1090,2208,1.0405152224824357,13430,5422,8008,5388,21
learned,Eval1,A5E1_008,triggered_segment_abstain,4270,3664,977,1282,1405,0.8580796252927401,13430,4425,9005,4393,21
learned,Eval1,A5E1_009,canonical_guard_keep2,2496,2633,721,1301,611,1.0548878205128205,6136,1831,4305,1806,10
learned,Eval1,A5E1_009,keep_repeats_0,2496,2608,704,1319,585,1.044871794871795,6136,1785,4351,1762,10
learned,Eval1,A5E1_009,keep_repeats_1,2496,2620,712,1310,598,1.0496794871794872,6136,1808,4328,1784,10
learned,Eval1,A5E1_009,keep_repeats_2,2496,2633,721,1301,611,1.0548878205128205,6136,1831,4305,1806,10
learned,Eval1,A5E1_009,keep_repeats_3,2496,2647,727,1294,626,1.060496794871795,6136,1854,4282,1828,10
learned,Eval1,A5E1_009,matched_hash_delete_seed_a,2496,2676,762,1301,613,1.0721153846153846,6136,1831,4305,1808,10
learned,Eval1,A5E1_009,matched_hash_delete_seed_b,2496,2679,760,1304,615,1.0733173076923077,6136,1831,4305,1807,10
learned,Eval1,A5E1_009,matched_hash_delete_seed_c,2496,2680,766,1300,614,1.0737179487179487,6136,1831,4305,1810,10
learned,Eval1,A5E1_009,matched_hash_delete_seed_mean,2496,2678.3333333333335,762.6666666666666,1301.6666666666667,614.0,1.0730502136752138,6136,1831,4305,1808.3333333333333,10
learned,Eval1,A5E1_009,matched_prefix,2496,2633,721,1301,611,1.0548878205128205,6136,1831,4305,1806,10
learned,Eval1,A5E1_009,matched_suffix,2496,2679,767,1301,611,1.0733173076923077,6136,1831,4305,1806,10
learned,Eval1,A5E1_009,triggered_segment_abstain,2496,2555,679,1391,485,1.0236378205128205,6136,1606,4530,1590,10
learned,Eval1,A5E1_010,canonical_guard_keep2,1860,1912,427,1112,373,1.027956989247312,7330,1156,6174,1121,14
learned,Eval1,A5E1_010,keep_repeats_0,1860,1882,403,1149,330,1.0118279569892472,7330,1064,6266,1041,14
learned,Eval1,A5E1_010,keep_repeats_1,1860,1897,410,1133,354,1.0198924731182795,7330,1110,6220,1081,14
learned,Eval1,A5E1_010,keep_repeats_2,1860,1912,427,1112,373,1.027956989247312,7330,1156,6174,1121,14
learned,Eval1,A5E1_010,keep_repeats_3,1860,1925,448,1088,389,1.0349462365591398,7330,1202,6128,1161,14
learned,Eval1,A5E1_010,matched_hash_delete_seed_a,1860,1931,457,1107,367,1.0381720430107526,7330,1156,6174,1120,14
learned,Eval1,A5E1_010,matched_hash_delete_seed_b,1860,1935,447,1116,372,1.0403225806451613,7330,1156,6174,1116,14
learned,Eval1,A5E1_010,matched_hash_delete_seed_c,1860,1936,450,1111,375,1.0408602150537634,7330,1156,6174,1124,14
learned,Eval1,A5E1_010,matched_hash_delete_seed_mean,1860,1933.9999999999998,451.3333333333333,1111.3333333333333,371.3333333333333,1.039784946236559,7330,1156,6174,1120.0,14
learned,Eval1,A5E1_010,matched_prefix,1860,1912,427,1112,373,1.027956989247312,7330,1156,6174,1121,14
learned,Eval1,A5E1_010,matched_suffix,1860,1936,454,1111,371,1.0408602150537634,7330,1156,6174,1120,14
learned,Eval1,A5E1_010,triggered_segment_abstain,1860,1831,357,1219,255,0.9844086021505376,7330,918,6412,896,14
learned,Eval1,A5E1_011,canonical_guard_keep2,2265,2598,1121,504,973,1.1470198675496688,8879,2853,6026,2734,15
learned,Eval1,A5E1_011,keep_repeats_0,2265,2527,1086,544,897,1.115673289183223,8879,2731,6148,2618,15
learned,Eval1,A5E1_011,keep_repeats_1,2265,2561,1102,524,935,1.1306843267108169,8879,2792,6087,2676,15
learned,Eval1,A5E1_011,keep_repeats_2,2265,2598,1121,504,973,1.1470198675496688,8879,2853,6026,2734,15
learned,Eval1,A5E1_011,keep_repeats_3,2265,2636,1137,486,1013,1.1637969094922738,8879,2914,5965,2792,15
learned,Eval1,A5E1_011,matched_hash_delete_seed_a,2265,2643,1155,517,971,1.166887417218543,8879,2853,6026,2719,15
learned,Eval1,A5E1_011,matched_hash_delete_seed_b,2265,2637,1138,523,976,1.1642384105960264,8879,2853,6026,2718,15
learned,Eval1,A5E1_011,matched_hash_delete_seed_c,2265,2647,1150,524,973,1.168653421633554,8879,2853,6026,2714,15
learned,Eval1,A5E1_011,matched_hash_delete_seed_mean,2265,2642.3333333333335,1147.6666666666667,521.3333333333334,973.3333333333334,1.1665930831493747,8879,2853,6026,2717.0,15
learned,Eval1,A5E1_011,matched_prefix,2265,2598,1122,503,973,1.1470198675496688,8879,2853,6026,2735,15
learned,Eval1,A5E1_011,matched_suffix,2265,2651,1155,522,974,1.1704194260485652,8879,2853,6026,2717,15
learned,Eval1,A5E1_011,triggered_segment_abstain,2265,2368,975,719,674,1.0454746136865343,8879,2308,6571,2220,15
learned,Eval1,A5E1_012,canonical_guard_keep2,3189,2963,630,984,1349,0.9291313891502039,6127,3618,2509,3554,8
learned,Eval1,A5E1_012,keep_repeats_0,3189,2928,623,991,1314,0.9181561618062088,6127,3574,2553,3512,8
learned,Eval1,A5E1_012,keep_repeats_1,3189,2944,624,988,1332,0.9231734085920351,6127,3596,2531,3533,8
learned,Eval1,A5E1_012,keep_repeats_2,3189,2963,630,984,1349,0.9291313891502039,6127,3618,2509,3554,8
learned,Eval1,A5E1_012,keep_repeats_3,3189,2981,631,982,1368,0.9347757917842584,6127,3640,2487,3575,8
learned,Eval1,A5E1_012,matched_hash_delete_seed_a,3189,2992,661,983,1348,0.9382251489495139,6127,3618,2509,3554,7
learned,Eval1,A5E1_012,matched_hash_delete_seed_b,3189,2991,677,975,1339,0.9379115710253998,6127,3618,2509,3553,7
learned,Eval1,A5E1_012,matched_hash_delete_seed_c,3189,2985,656,984,1345,0.9360301034807149,6127,3618,2509,3550,7
learned,Eval1,A5E1_012,matched_hash_delete_seed_mean,3189,2989.333333333333,664.6666666666666,980.6666666666666,1344.0,0.9373889411518761,6127,3618,2509,3552.3333333333335,7
learned,Eval1,A5E1_012,matched_prefix,3189,2964,630,984,1350,0.929444967074318,6127,3618,2509,3555,7
learned,Eval1,A5E1_012,matched_suffix,3189,2986,660,982,1344,0.9363436814048292,6127,3618,2509,3551,7
learned,Eval1,A5E1_012,triggered_segment_abstain,3189,2829,651,1022,1156,0.8871119473189087,6127,3373,2754,3323,7
learned,Eval1,A5E1_013,canonical_guard_keep2,3256,3171,621,1165,1385,0.9738943488943489,7395,3491,3904,3476,10
learned,Eval1,A5E1_013,keep_repeats_0,3256,3123,613,1173,1337,0.9591523341523341,7395,3433,3962,3420,10
learned,Eval1,A5E1_013,keep_repeats_1,3256,3143,617,1169,1357,0.9652948402948403,7395,3458,3937,3444,10
learned,Eval1,A5E1_013,keep_repeats_2,3256,3171,621,1165,1385,0.9738943488943489,7395,3491,3904,3476,10
learned,Eval1,A5E1_013,keep_repeats_3,3256,3199,625,1161,1413,0.9824938574938575,7395,3524,3871,3508,10
learned,Eval1,A5E1_013,matched_hash_delete_seed_a,3256,3191,631,1175,1385,0.980036855036855,7395,3491,3904,3466,8
learned,Eval1,A5E1_013,matched_hash_delete_seed_b,3256,3191,632,1174,1385,0.980036855036855,7395,3491,3904,3467,8
learned,Eval1,A5E1_013,matched_hash_delete_seed_c,3256,3190,632,1173,1385,0.9797297297297297,7395,3491,3904,3468,8
learned,Eval1,A5E1_013,matched_hash_delete_seed_mean,3256,3190.6666666666665,631.6666666666666,1174.0,1385.0,0.9799344799344799,7395,3491,3904,3467.0,8
learned,Eval1,A5E1_013,matched_prefix,3256,3171,621,1165,1385,0.9738943488943489,7395,3491,3904,3476,8
learned,Eval1,A5E1_013,matched_suffix,3256,3192,635,1172,1385,0.9803439803439803,7395,3491,3904,3469,8
learned,Eval1,A5E1_013,triggered_segment_abstain,3256,2910,572,1238,1100,0.8937346437346437,7395,3126,4269,3118,8
learned,Eval1,A5E1_014,canonical_guard_keep2,2420,2654,799,641,1214,1.096694214876033,5102,3045,2057,2993,6
learned,Eval1,A5E1_014,keep_repeats_0,2420,2624,775,667,1182,1.084297520661157,5102,2985,2117,2935,6
learned,Eval1,A5E1_014,keep_repeats_1,2420,2639,787,654,1198,1.090495867768595,5102,3015,2087,2964,6
learned,Eval1,A5E1_014,keep_repeats_2,2420,2654,799,641,1214,1.096694214876033,5102,3045,2057,2993,6
learned,Eval1,A5E1_014,keep_repeats_3,2420,2669,811,628,1230,1.102892561983471,5102,3075,2027,3022,6
learned,Eval1,A5E1_014,matched_hash_delete_seed_a,2420,2700,848,639,1213,1.115702479338843,5102,3045,2057,2994,6
learned,Eval1,A5E1_014,matched_hash_delete_seed_b,2420,2701,851,639,1211,1.116115702479339,5102,3045,2057,2992,6
learned,Eval1,A5E1_014,matched_hash_delete_seed_c,2420,2705,850,640,1215,1.1177685950413223,5102,3045,2057,2995,6
learned,Eval1,A5E1_014,matched_hash_delete_seed_mean,2420,2702.0,849.6666666666666,639.3333333333334,1213.0,1.1165289256198347,5102,3045,2057,2993.6666666666665,6
learned,Eval1,A5E1_014,matched_prefix,2420,2655,800,640,1215,1.0971074380165289,5102,3045,2057,2995,6
learned,Eval1,A5E1_014,matched_suffix,2420,2704,851,640,1213,1.1173553719008265,5102,3045,2057,2993,6
learned,Eval1,A5E1_014,triggered_segment_abstain,2420,2625,708,804,1113,1.084710743801653,5102,2775,2327,2729,6
learned,Eval1,A5E1_015,canonical_guard_keep2,4528,4553,859,1556,2138,1.0055212014134276,13126,5152,7974,5110,22
learned,Eval1,A5E1_015,keep_repeats_0,4528,4432,852,1586,1994,0.9787985865724381,13126,4978,8148,4936,22
learned,Eval1,A5E1_015,keep_repeats_1,4528,4492,867,1565,2060,0.9920494699646644,13126,5065,8061,5023,22
learned,Eval1,A5E1_015,keep_repeats_2,4528,4553,859,1556,2138,1.0055212014134276,13126,5152,7974,5110,22
learned,Eval1,A5E1_015,keep_repeats_3,4528,4615,876,1535,2204,1.0192137809187278,13126,5239,7887,5197,22
learned,Eval1,A5E1_015,matched_hash_delete_seed_a,4528,4590,937,1535,2118,1.0136925795053005,13126,5152,7974,5111,20
learned,Eval1,A5E1_015,matched_hash_delete_seed_b,4528,4591,936,1536,2119,1.0139134275618376,13126,5152,7974,5111,20
learned,Eval1,A5E1_015,matched_hash_delete_seed_c,4528,4590,935,1536,2119,1.0136925795053005,13126,5152,7974,5111,20
learned,Eval1,A5E1_015,matched_hash_delete_seed_mean,4528,4590.333333333334,936.0,1535.6666666666667,2118.6666666666665,1.0137661955241462,13126,5152,7974,5111.0,20
learned,Eval1,A5E1_015,matched_prefix,4528,4553,860,1555,2138,1.0055212014134276,13126,5152,7974,5111,20
learned,Eval1,A5E1_015,matched_suffix,4528,4591,937,1536,2118,1.0139134275618376,13126,5152,7974,5110,20
learned,Eval1,A5E1_015,triggered_segment_abstain,4528,4056,818,1666,1572,0.8957597173144877,13126,4475,8651,4434,20
learned,Eval1,A5E1_016,canonical_guard_keep2,2631,2324,691,1078,555,0.8833143291524135,5576,2138,3438,2108,8
learned,Eval1,A5E1_016,keep_repeats_0,2631,2302,659,1116,527,0.8749524895477004,5576,2068,3508,2042,8
learned,Eval1,A5E1_016,keep_repeats_1,2631,2311,673,1097,541,0.878373242113265,5576,2103,3473,2075,8
learned,Eval1,A5E1_016,keep_repeats_2,2631,2324,691,1078,555,0.8833143291524135,5576,2138,3438,2108,8
learned,Eval1,A5E1_016,keep_repeats_3,2631,2336,708,1059,569,0.8878753325731661,5576,2173,3403,2141,8
learned,Eval1,A5E1_016,matched_hash_delete_seed_a,2631,2338,716,1074,548,0.8886354998099582,5576,2138,3438,2105,8
learned,Eval1,A5E1_016,matched_hash_delete_seed_b,2631,2341,715,1074,552,0.8897757506651464,5576,2138,3438,2109,8
learned,Eval1,A5E1_016,matched_hash_delete_seed_c,2631,2345,718,1074,553,0.8912960851387305,5576,2138,3438,2110,8
learned,Eval1,A5E1_016,matched_hash_delete_seed_mean,2631,2341.3333333333335,716.3333333333334,1074.0,551.0,0.8899024452046117,5576,2138,3438,2108.0,8
learned,Eval1,A5E1_016,matched_prefix,2631,2324,692,1077,555,0.8833143291524135,5576,2138,3438,2109,8
learned,Eval1,A5E1_016,matched_suffix,2631,2348,719,1076,553,0.8924363359939187,5576,2138,3438,2108,8
learned,Eval1,A5E1_016,triggered_segment_abstain,2631,2185,533,1245,407,0.830482706195363,5576,1818,3758,1793,8
learned,Eval1,A5E1_017,canonical_guard_keep2,2196,2959,1276,379,1304,1.3474499089253187,8172,3209,4963,3121,12
learned,Eval1,A5E1_017,keep_repeats_0,2196,2893,1256,399,1238,1.3173952641165756,8172,3119,5053,3035,12
learned,Eval1,A5E1_017,keep_repeats_1,2196,2923,1267,387,1269,1.3310564663023678,8172,3164,5008,3078,12
learned,Eval1,A5E1_017,keep_repeats_2,2196,2959,1276,379,1304,1.3474499089253187,8172,3209,4963,3121,12
learned,Eval1,A5E1_017,keep_repeats_3,2196,2994,1278,374,1342,1.3633879781420766,8172,3254,4918,3164,12
learned,Eval1,A5E1_017,matched_hash_delete_seed_a,2196,3037,1391,356,1290,1.382969034608379,8172,3209,4963,3130,12
learned,Eval1,A5E1_017,matched_hash_delete_seed_b,2196,3028,1384,354,1290,1.378870673952641,8172,3209,4963,3132,12
learned,Eval1,A5E1_017,matched_hash_delete_seed_c,2196,3038,1396,352,1290,1.383424408014572,8172,3209,4963,3134,12
learned,Eval1,A5E1_017,matched_hash_delete_seed_mean,2196,3034.333333333333,1390.3333333333333,354.0,1290.0,1.381754705525197,8172,3209,4963,3132.0,12
learned,Eval1,A5E1_017,matched_prefix,2196,2959,1276,379,1304,1.3474499089253187,8172,3209,4963,3121,12
learned,Eval1,A5E1_017,matched_suffix,2196,3041,1398,353,1290,1.3847905282331512,8172,3209,4963,3133,12
learned,Eval1,A5E1_017,triggered_segment_abstain,2196,2861,1349,549,963,1.302823315118397,8172,2678,5494,2610,12
learned,Eval1,A5E1_018,canonical_guard_keep2,2338,2590,516,1194,880,1.1077844311377245,5793,2102,3691,2024,8
learned,Eval1,A5E1_018,keep_repeats_0,2338,2542,484,1226,832,1.0872540633019674,5793,2018,3775,1944,8
learned,Eval1,A5E1_018,keep_repeats_1,2338,2566,500,1210,856,1.097519247219846,5793,2060,3733,1984,8
learned,Eval1,A5E1_018,keep_repeats_2,2338,2590,516,1194,880,1.1077844311377245,5793,2102,3691,2024,8
learned,Eval1,A5E1_018,keep_repeats_3,2338,2615,533,1178,904,1.1184773310521814,5793,2144,3649,2064,8
learned,Eval1,A5E1_018,matched_hash_delete_seed_a,2338,2595,523,1195,877,1.109923011120616,5793,2102,3691,2020,8
learned,Eval1,A5E1_018,matched_hash_delete_seed_b,2338,2596,518,1197,881,1.1103507271171942,5793,2102,3691,2022,8
learned,Eval1,A5E1_018,matched_hash_delete_seed_c,2338,2597,525,1191,881,1.1107784431137724,5793,2102,3691,2028,8
learned,Eval1,A5E1_018,matched_hash_delete_seed_mean,2338,2596.0,522.0,1194.3333333333333,879.6666666666666,1.1103507271171942,5793,2102,3691,2023.3333333333333,8
learned,Eval1,A5E1_018,matched_prefix,2338,2590,516,1194,880,1.1077844311377245,5793,2102,3691,2024,8
learned,Eval1,A5E1_018,matched_suffix,2338,2596,522,1194,880,1.1103507271171942,5793,2102,3691,2024,8
learned,Eval1,A5E1_018,triggered_segment_abstain,2338,2458,448,1267,743,1.0513259195893927,5793,1886,3907,1814,8
learned,Eval2,A5E2_001,canonical_guard_keep2,3330,2770,899,1188,683,0.8318318318318318,6840,2840,4000,2825,11
learned,Eval2,A5E2_001,keep_repeats_0,3330,2754,875,1222,657,0.827027027027027,6840,2780,4060,2765,11
learned,Eval2,A5E2_001,keep_repeats_1,3330,2762,883,1207,672,0.8294294294294294,6840,2810,4030,2795,11
learned,Eval2,A5E2_001,keep_repeats_2,3330,2770,899,1188,683,0.8318318318318318,6840,2840,4000,2825,11
learned,Eval2,A5E2_001,keep_repeats_3,3330,2779,916,1169,694,0.8345345345345345,6840,2870,3970,2855,11
learned,Eval2,A5E2_001,matched_hash_delete_seed_a,3330,2869,1003,1185,681,0.8615615615615616,6840,2840,4000,2826,10
learned,Eval2,A5E2_001,matched_hash_delete_seed_b,3330,2876,1015,1183,678,0.8636636636636636,6840,2840,4000,2825,10
learned,Eval2,A5E2_001,matched_hash_delete_seed_c,3330,2870,1004,1185,681,0.8618618618618619,6840,2840,4000,2826,10
learned,Eval2,A5E2_001,matched_hash_delete_seed_mean,3330,2871.6666666666665,1007.3333333333334,1184.3333333333333,680.0,0.8623623623623623,6840,2840,4000,2825.6666666666665,10
learned,Eval2,A5E2_001,matched_prefix,3330,2769,899,1187,683,0.8315315315315316,6840,2840,4000,2826,10
learned,Eval2,A5E2_001,matched_suffix,3330,2914,1055,1182,677,0.8750750750750751,6840,2840,4000,2825,10
learned,Eval2,A5E2_001,triggered_segment_abstain,3330,2847,751,1465,631,0.854954954954955,6840,2510,4330,2496,10
learned,Eval2,A5E2_002,canonical_guard_keep2,3629,3327,1173,1678,476,0.9167814825020667,6990,2472,4518,2427,13
learned,Eval2,A5E2_002,keep_repeats_0,3629,3278,1150,1712,416,0.9032791402590246,6990,2376,4614,2333,13
learned,Eval2,A5E2_002,keep_repeats_1,3629,3302,1159,1696,447,0.9098925323780656,6990,2424,4566,2380,13
learned,Eval2,A5E2_002,keep_repeats_2,3629,3327,1173,1678,476,0.9167814825020667,6990,2472,4518,2427,13
learned,Eval2,A5E2_002,keep_repeats_3,3629,3352,1187,1660,505,0.9236704326260677,6990,2520,4470,2474,13
learned,Eval2,A5E2_002,matched_hash_delete_seed_a,3629,3365,1210,1676,479,0.9272526866905484,6990,2472,4518,2432,13
learned,Eval2,A5E2_002,matched_hash_delete_seed_b,3629,3363,1210,1677,476,0.9267015706806283,6990,2472,4518,2428,13
learned,Eval2,A5E2_002,matched_hash_delete_seed_c,3629,3363,1211,1676,476,0.9267015706806283,6990,2472,4518,2429,13
learned,Eval2,A5E2_002,matched_hash_delete_seed_mean,3629,3363.6666666666665,1210.3333333333333,1676.3333333333333,477.0,0.9268852760172682,6990,2472,4518,2429.6666666666665,13
learned,Eval2,A5E2_002,matched_prefix,3629,3329,1174,1677,478,0.9173325985119868,6990,2472,4518,2430,13
learned,Eval2,A5E2_002,matched_suffix,3629,3366,1211,1678,477,0.9275282446955084,6990,2472,4518,2428,13
learned,Eval2,A5E2_002,triggered_segment_abstain,3629,3224,1084,1817,323,0.8883990079911821,6990,2174,4816,2135,13
learned,Eval2,A5E2_003,canonical_guard_keep2,1784,1773,662,761,350,0.9938340807174888,3855,1414,2441,1373,5
learned,Eval2,A5E2_003,keep_repeats_0,1784,1760,649,775,336,0.9865470852017937,3855,1386,2469,1345,5
learned,Eval2,A5E2_003,keep_repeats_1,1784,1767,656,768,343,0.9904708520179372,3855,1400,2455,1359,5
learned,Eval2,A5E2_003,keep_repeats_2,1784,1773,662,761,350,0.9938340807174888,3855,1414,2441,1373,5
learned,Eval2,A5E2_003,keep_repeats_3,1784,1779,668,754,357,0.9971973094170403,3855,1428,2427,1387,5
learned,Eval2,A5E2_003,matched_hash_delete_seed_a,1784,1779,666,761,352,0.9971973094170403,3855,1414,2441,1375,5
learned,Eval2,A5E2_003,matched_hash_delete_seed_b,1784,1777,664,761,352,0.9960762331838565,3855,1414,2441,1375,5
learned,Eval2,A5E2_003,matched_hash_delete_seed_c,1784,1776,663,761,352,0.9955156950672646,3855,1414,2441,1375,5
learned,Eval2,A5E2_003,matched_hash_delete_seed_mean,1784,1777.3333333333335,664.3333333333334,761.0,352.0,0.9962630792227206,3855,1414,2441,1375.0,5
learned,Eval2,A5E2_003,matched_prefix,1784,1774,662,761,351,0.9943946188340808,3855,1414,2441,1374,5
learned,Eval2,A5E2_003,matched_suffix,1784,1774,662,761,351,0.9943946188340808,3855,1414,2441,1374,5
learned,Eval2,A5E2_003,triggered_segment_abstain,1784,1750,636,792,322,0.9809417040358744,3855,1353,2502,1314,5
learned,Eval2,A5E2_004,canonical_guard_keep2,3263,3309,650,2213,446,1.014097456328532,7148,1555,5593,1496,14
learned,Eval2,A5E2_004,keep_repeats_0,3263,3308,595,2277,436,1.0137909898866073,7148,1467,5681,1422,14
learned,Eval2,A5E2_004,keep_repeats_1,3263,3307,617,2247,443,1.0134845234446828,7148,1511,5637,1459,14
learned,Eval2,A5E2_004,keep_repeats_2,3263,3309,650,2213,446,1.014097456328532,7148,1555,5593,1496,14
learned,Eval2,A5E2_004,keep_repeats_3,3263,3310,678,2181,451,1.0144039227704567,7148,1599,5549,1533,14
learned,Eval2,A5E2_004,matched_hash_delete_seed_a,3263,3392,729,2220,443,1.0395341710082746,7148,1555,5593,1486,14
learned,Eval2,A5E2_004,matched_hash_delete_seed_b,3263,3388,735,2212,441,1.0383083052405762,7148,1555,5593,1492,14
learned,Eval2,A5E2_004,matched_hash_delete_seed_c,3263,3388,731,2211,446,1.0383083052405762,7148,1555,5593,1498,14
learned,Eval2,A5E2_004,matched_hash_delete_seed_mean,3263,3389.3333333333335,731.6666666666666,2214.3333333333335,443.3333333333333,1.0387169271631425,7148,1555,5593,1492.0,14
learned,Eval2,A5E2_004,matched_prefix,3263,3309,650,2213,446,1.014097456328532,7148,1555,5593,1496,14
learned,Eval2,A5E2_004,matched_suffix,3263,3406,750,2212,444,1.043824701195219,7148,1555,5593,1495,14
learned,Eval2,A5E2_004,triggered_segment_abstain,3263,3356,392,2637,327,1.0285013790989888,7148,967,6181,953,14
learned,Eval2,A5E2_005,canonical_guard_keep2,4472,3773,1092,2153,528,0.8436940966010733,9579,2913,6666,2847,15
learned,Eval2,A5E2_005,keep_repeats_0,4472,3745,1058,2195,492,0.837432915921288,9579,2833,6746,2769,15
learned,Eval2,A5E2_005,keep_repeats_1,4472,3759,1075,2174,510,0.8405635062611807,9579,2873,6706,2808,15
learned,Eval2,A5E2_005,keep_repeats_2,4472,3773,1092,2153,528,0.8436940966010733,9579,2913,6666,2847,15
learned,Eval2,A5E2_005,keep_repeats_3,4472,3790,1108,2134,548,0.8474955277280859,9579,2953,6626,2886,15
learned,Eval2,A5E2_005,matched_hash_delete_seed_a,4472,3896,1222,2148,526,0.8711985688729875,9579,2913,6666,2850,15
learned,Eval2,A5E2_005,matched_hash_delete_seed_b,4472,3890,1212,2150,528,0.8698568872987478,9579,2913,6666,2850,15
learned,Eval2,A5E2_005,matched_hash_delete_seed_c,4472,3886,1216,2147,523,0.8689624329159212,9579,2913,6666,2848,15
learned,Eval2,A5E2_005,matched_hash_delete_seed_mean,4472,3890.6666666666665,1216.6666666666667,2148.3333333333335,525.6666666666666,0.8700059630292188,9579,2913,6666,2849.3333333333335,15
learned,Eval2,A5E2_005,matched_prefix,4472,3773,1092,2153,528,0.8436940966010733,9579,2913,6666,2847,15
learned,Eval2,A5E2_005,matched_suffix,4472,3902,1230,2147,525,0.8725402504472272,9579,2913,6666,2850,15
learned,Eval2,A5E2_005,triggered_segment_abstain,4472,3771,924,2474,373,0.8432468694096601,9579,2432,7147,2371,15
learned,Eval2,A5E2_006,canonical_guard_keep2,3788,4568,1402,1613,1553,1.2059134107708553,13191,3777,9414,3728,27
learned,Eval2,A5E2_006,keep_repeats_0,3788,4520,1320,1698,1502,1.1932418162618796,13191,3639,9552,3592,26
learned,Eval2,A5E2_006,keep_repeats_1,3788,4521,1363,1655,1503,1.19350580781415,13191,3684,9507,3636,27
learned,Eval2,A5E2_006,keep_repeats_2,3788,4568,1402,1613,1553,1.2059134107708553,13191,3777,9414,3728,27
learned,Eval2,A5E2_006,keep_repeats_3,3788,4619,1445,1571,1603,1.219376979936642,13191,3870,9321,3820,27
learned,Eval2,A5E2_006,matched_hash_delete_seed_a,3788,4633,1473,1606,1554,1.2230728616684265,13191,3777,9414,3736,25
learned,Eval2,A5E2_006,matched_hash_delete_seed_b,3788,4634,1466,1614,1554,1.223336853220697,13191,3777,9414,3728,25
learned,Eval2,A5E2_006,matched_hash_delete_seed_c,3788,4637,1472,1612,1553,1.224128827877508,13191,3777,9414,3729,25
learned,Eval2,A5E2_006,matched_hash_delete_seed_mean,3788,4634.666666666667,1470.3333333333333,1610.6666666666667,1553.6666666666667,1.2235128475888772,13191,3777,9414,3731.0,25
learned,Eval2,A5E2_006,matched_prefix,3788,4569,1404,1611,1554,1.2061774023231258,13191,3777,9414,3731,25
learned,Eval2,A5E2_006,matched_suffix,3788,4644,1481,1612,1551,1.2259767687434002,13191,3777,9414,3727,25
learned,Eval2,A5E2_006,triggered_segment_abstain,3788,4127,1082,2022,1023,1.089493136219641,13191,2815,10376,2789,25
learned,Eval2,A5E2_007,canonical_guard_keep2,2666,2745,819,1321,605,1.0296324081020256,7055,1958,5097,1950,14
learned,Eval2,A5E2_007,keep_repeats_0,2666,2703,755,1389,559,1.0138784696174044,7055,1844,5211,1836,14
learned,Eval2,A5E2_007,keep_repeats_1,2666,2724,787,1355,582,1.021755438859715,7055,1901,5154,1893,14
learned,Eval2,A5E2_007,keep_repeats_2,2666,2745,819,1321,605,1.0296324081020256,7055,1958,5097,1950,14
learned,Eval2,A5E2_007,keep_repeats_3,2666,2767,852,1287,628,1.0378844711177795,7055,2015,5040,2007,14
learned,Eval2,A5E2_007,matched_hash_delete_seed_a,2666,2789,864,1320,605,1.0461365341335334,7055,1958,5097,1951,13
learned,Eval2,A5E2_007,matched_hash_delete_seed_b,2666,2790,865,1320,605,1.0465116279069768,7055,1958,5097,1951,13
learned,Eval2,A5E2_007,matched_hash_delete_seed_c,2666,2787,862,1320,605,1.0453863465866466,7055,1958,5097,1951,13
learned,Eval2,A5E2_007,matched_hash_delete_seed_mean,2666,2788.6666666666665,863.6666666666666,1320.0,605.0,1.0460115028757189,7055,1958,5097,1951.0,13
learned,Eval2,A5E2_007,matched_prefix,2666,2746,819,1321,606,1.0300075018754689,7055,1958,5097,1951,13
learned,Eval2,A5E2_007,matched_suffix,2666,2789,865,1320,604,1.0461365341335334,7055,1958,5097,1950,13
learned,Eval2,A5E2_007,triggered_segment_abstain,2666,2571,639,1532,400,0.9643660915228808,7055,1541,5514,1534,13
learned,Eval2,A5E2_008,canonical_guard_keep2,4247,4511,637,2182,1692,1.0621615257829056,13562,3802,9760,3757,25
learned,Eval2,A5E2_008,keep_repeats_0,4247,4386,630,2200,1556,1.0327289851659995,13562,3642,9920,3603,25
learned,Eval2,A5E2_008,keep_repeats_1,4247,4448,633,2191,1624,1.047327525311985,13562,3722,9840,3680,25
learned,Eval2,A5E2_008,keep_repeats_2,4247,4511,637,2182,1692,1.0621615257829056,13562,3802,9760,3757,25
learned,Eval2,A5E2_008,keep_repeats_3,4247,4575,642,2173,1760,1.0772309865787615,13562,3882,9680,3834,25
learned,Eval2,A5E2_008,matched_hash_delete_seed_a,4247,4612,722,2192,1698,1.0859430186013657,13562,3802,9760,3753,25
learned,Eval2,A5E2_008,matched_hash_delete_seed_b,4247,4604,723,2190,1691,1.0840593360018838,13562,3802,9760,3748,25
learned,Eval2,A5E2_008,matched_hash_delete_seed_c,4247,4611,720,2196,1695,1.0857075582764304,13562,3802,9760,3746,25
learned,Eval2,A5E2_008,matched_hash_delete_seed_mean,4247,4609.0,721.6666666666666,2192.6666666666665,1694.6666666666667,1.0852366376265599,13562,3802,9760,3749.0,25
learned,Eval2,A5E2_008,matched_prefix,4247,4513,637,2182,1694,1.062632446432776,13562,3802,9760,3759,25
learned,Eval2,A5E2_008,matched_suffix,4247,4623,740,2193,1690,1.0885330821756534,13562,3802,9760,3744,25
learned,Eval2,A5E2_008,triggered_segment_abstain,4247,3997,544,2421,1032,0.9411349187661879,13562,2889,10673,2858,25
learned,Eval2,A5E2_009,canonical_guard_keep2,3072,3062,868,1631,563,0.9967447916666666,7228,2066,5162,2004,13
learned,Eval2,A5E2_009,keep_repeats_0,3072,3027,827,1677,523,0.9853515625,7228,1970,5258,1918,13
learned,Eval2,A5E2_009,keep_repeats_1,3072,3045,848,1654,543,0.9912109375,7228,2018,5210,1961,13
learned,Eval2,A5E2_009,keep_repeats_2,3072,3062,868,1631,563,0.9967447916666666,7228,2066,5162,2004,13
learned,Eval2,A5E2_009,keep_repeats_3,3072,3080,889,1608,583,1.0026041666666667,7228,2114,5114,2047,13
learned,Eval2,A5E2_009,matched_hash_delete_seed_a,3072,3076,858,1657,561,1.0013020833333333,7228,2066,5162,1976,13
learned,Eval2,A5E2_009,matched_hash_delete_seed_b,3072,3075,857,1659,559,1.0009765625,7228,2066,5162,1972,13
learned,Eval2,A5E2_009,matched_hash_delete_seed_c,3072,3082,848,1667,567,1.0032552083333333,7228,2066,5162,1972,13
learned,Eval2,A5E2_009,matched_hash_delete_seed_mean,3072,3077.666666666667,854.3333333333334,1661.0,562.3333333333334,1.0018446180555556,7228,2066,5162,1973.3333333333333,13
learned,Eval2,A5E2_009,matched_prefix,3072,3062,868,1631,563,0.9967447916666666,7228,2066,5162,2004,13
learned,Eval2,A5E2_009,matched_suffix,3072,3079,850,1666,563,1.0022786458333333,7228,2066,5162,1969,13
learned,Eval2,A5E2_009,triggered_segment_abstain,3072,2921,738,1779,404,0.9508463541666666,7228,1730,5498,1697,13
learned,Eval2,A5E2_010,canonical_guard_keep2,4241,4599,659,2329,1611,1.0844140532893185,9875,3587,6288,3523,16
learned,Eval2,A5E2_010,keep_repeats_0,4241,4541,645,2349,1547,1.0707380334826693,9875,3497,6378,3439,16
learned,Eval2,A5E2_010,keep_repeats_1,4241,4569,651,2339,1579,1.0773402499410516,9875,3542,6333,3481,16
learned,Eval2,A5E2_010,keep_repeats_2,4241,4599,659,2329,1611,1.0844140532893185,9875,3587,6288,3523,16
learned,Eval2,A5E2_010,keep_repeats_3,4241,4635,661,2325,1649,1.092902617307239,9875,3632,6243,3565,16
learned,Eval2,A5E2_010,matched_hash_delete_seed_a,4241,4651,711,2329,1611,1.0966753124263144,9875,3587,6288,3523,15
learned,Eval2,A5E2_010,matched_hash_delete_seed_b,4241,4651,710,2328,1613,1.0966753124263144,9875,3587,6288,3526,15
learned,Eval2,A5E2_010,matched_hash_delete_seed_c,4241,4648,706,2329,1613,1.095967932091488,9875,3587,6288,3525,15
learned,Eval2,A5E2_010,matched_hash_delete_seed_mean,4241,4650.0,709.0,2328.6666666666665,1612.3333333333333,1.0964395189813723,9875,3587,6288,3524.6666666666665,15
learned,Eval2,A5E2_010,matched_prefix,4241,4602,659,2329,1614,1.0851214336241453,9875,3587,6288,3526,15
learned,Eval2,A5E2_010,matched_suffix,4241,4649,713,2329,1607,1.09620372553643,9875,3587,6288,3519,15
learned,Eval2,A5E2_010,triggered_segment_abstain,4241,4254,577,2480,1197,1.003065314784249,9875,3004,6871,2958,15
learned,Eval2,A5E2_011,canonical_guard_keep2,3330,3557,1054,1602,901,1.068168168168168,10577,2674,7903,2629,20
learned,Eval2,A5E2_011,keep_repeats_0,3330,3473,998,1665,810,1.0429429429429429,10577,2514,8063,2475,20
learned,Eval2,A5E2_011,keep_repeats_1,3330,3512,1024,1633,855,1.0546546546546547,10577,2594,7983,2552,20
learned,Eval2,A5E2_011,keep_repeats_2,3330,3557,1054,1602,901,1.068168168168168,10577,2674,7903,2629,20
learned,Eval2,A5E2_011,keep_repeats_3,3330,3605,1079,1575,951,1.0825825825825826,10577,2754,7823,2706,20
learned,Eval2,A5E2_011,matched_hash_delete_seed_a,3330,3640,1142,1599,899,1.093093093093093,10577,2674,7903,2630,20
learned,Eval2,A5E2_011,matched_hash_delete_seed_b,3330,3637,1141,1600,896,1.0921921921921922,10577,2674,7903,2626,20
learned,Eval2,A5E2_011,matched_hash_delete_seed_c,3330,3647,1150,1599,898,1.0951951951951953,10577,2674,7903,2629,20
learned,Eval2,A5E2_011,matched_hash_delete_seed_mean,3330,3641.333333333333,1144.3333333333333,1599.3333333333333,897.6666666666666,1.0934934934934935,10577,2674,7903,2628.3333333333335,20
learned,Eval2,A5E2_011,matched_prefix,3330,3558,1055,1601,902,1.0684684684684684,10577,2674,7903,2631,20
learned,Eval2,A5E2_011,matched_suffix,3330,3660,1163,1600,897,1.0990990990990992,10577,2674,7903,2627,20
learned,Eval2,A5E2_011,triggered_segment_abstain,3330,3344,531,2073,740,1.0042042042042043,10577,2031,8546,1997,20
learned,Eval2,A5E2_012,canonical_guard_keep2,3770,3298,929,2086,283,0.8748010610079575,9854,2019,7835,1967,19
learned,Eval2,A5E2_012,keep_repeats_0,3770,3309,860,2179,270,0.8777188328912466,9854,1909,7945,1861,19
learned,Eval2,A5E2_012,keep_repeats_1,3770,3299,893,2131,275,0.8750663129973475,9854,1964,7890,1914,19
learned,Eval2,A5E2_012,keep_repeats_2,3770,3298,929,2086,283,0.8748010610079575,9854,2019,7835,1967,19
learned,Eval2,A5E2_012,keep_repeats_3,3770,3299,961,2044,294,0.8750663129973475,9854,2074,7780,2020,19
learned,Eval2,A5E2_012,matched_hash_delete_seed_a,3770,3372,1015,2078,279,0.8944297082228116,9854,2019,7835,1971,19
learned,Eval2,A5E2_012,matched_hash_delete_seed_b,3770,3378,1015,2083,280,0.8960212201591512,9854,2019,7835,1967,19
learned,Eval2,A5E2_012,matched_hash_delete_seed_c,3770,3373,1017,2078,278,0.8946949602122016,9854,2019,7835,1970,19
learned,Eval2,A5E2_012,matched_hash_delete_seed_mean,3770,3374.333333333333,1015.6666666666666,2079.6666666666665,279.0,0.8950486295313881,9854,2019,7835,1969.3333333333333,19
learned,Eval2,A5E2_012,matched_prefix,3770,3297,930,2084,283,0.8745358090185676,9854,2019,7835,1969,19
learned,Eval2,A5E2_012,matched_suffix,3770,3377,1018,2080,279,0.8957559681697612,9854,2019,7835,1969,19
learned,Eval2,A5E2_012,triggered_segment_abstain,3770,3429,701,2471,257,0.9095490716180371,9854,1598,8256,1556,19
learned,Eval2,A5E2_013,canonical_guard_keep2,3524,4711,2935,187,1589,1.33683314415437,10935,5391,5544,4926,15
learned,Eval2,A5E2_013,keep_repeats_0,3524,4610,2912,205,1493,1.308172531214529,10935,5273,5662,4812,15
learned,Eval2,A5E2_013,keep_repeats_1,3524,4660,2953,181,1526,1.3223609534619751,10935,5332,5603,4869,15
learned,Eval2,A5E2_013,keep_repeats_2,3524,4711,2935,187,1589,1.33683314415437,10935,5391,5544,4926,15
learned,Eval2,A5E2_013,keep_repeats_3,3524,4762,2947,178,1637,1.351305334846765,10935,5450,5485,4983,15
learned,Eval2,A5E2_013,matched_hash_delete_seed_a,3524,4714,2933,188,1593,1.3376844494892168,10935,5391,5544,4929,14
learned,Eval2,A5E2_013,matched_hash_delete_seed_b,3524,4708,2931,188,1589,1.3359818388195233,10935,5391,5544,4925,14
learned,Eval2,A5E2_013,matched_hash_delete_seed_c,3524,4702,2936,186,1580,1.3342792281498297,10935,5391,5544,4918,14
learned,Eval2,A5E2_013,matched_hash_delete_seed_mean,3524,4708.0,2933.3333333333335,187.33333333333334,1587.3333333333333,1.3359818388195233,10935,5391,5544,4924.0,14
learned,Eval2,A5E2_013,matched_prefix,3524,4712,2935,187,1590,1.337116912599319,10935,5391,5544,4927,14
learned,Eval2,A5E2_013,matched_suffix,3524,4710,2937,186,1587,1.3365493757094211,10935,5391,5544,4925,14
learned,Eval2,A5E2_013,triggered_segment_abstain,3524,4074,2894,231,949,1.156072644721907,10935,4696,6239,4242,14
learned,Eval2,A5E2_014,canonical_guard_keep2,4028,4019,1162,1791,1066,0.9977656405163853,12142,3344,8798,3303,21
learned,Eval2,A5E2_014,keep_repeats_0,4028,3949,1127,1838,984,0.9803872889771599,12142,3210,8932,3174,21
learned,Eval2,A5E2_014,keep_repeats_1,4028,3981,1144,1814,1023,0.9883316782522343,12142,3275,8867,3237,21
learned,Eval2,A5E2_014,keep_repeats_2,4028,4019,1162,1791,1066,0.9977656405163853,12142,3344,8798,3303,21
learned,Eval2,A5E2_014,keep_repeats_3,4028,4059,1176,1771,1112,1.0076961271102285,12142,3413,8729,3369,21
learned,Eval2,A5E2_014,matched_hash_delete_seed_a,4028,4122,1281,1779,1062,1.0233366434955313,12142,3344,8798,3311,20
learned,Eval2,A5E2_014,matched_hash_delete_seed_b,4028,4123,1278,1780,1065,1.0235849056603774,12142,3344,8798,3313,20
learned,Eval2,A5E2_014,matched_hash_delete_seed_c,4028,4128,1283,1780,1065,1.0248262164846078,12142,3344,8798,3313,20
learned,Eval2,A5E2_014,matched_hash_delete_seed_mean,4028,4124.333333333334,1280.6666666666667,1779.6666666666667,1064.0,1.0239159218801723,12142,3344,8798,3312.3333333333335,20
learned,Eval2,A5E2_014,matched_prefix,4028,4021,1161,1791,1069,0.9982621648460774,12142,3344,8798,3306,20
learned,Eval2,A5E2_014,matched_suffix,4028,4125,1285,1780,1060,1.0240814299900696,12142,3344,8798,3308,20
learned,Eval2,A5E2_014,triggered_segment_abstain,4028,3832,1011,2137,684,0.9513406156901688,12142,2593,9549,2575,20
learned,Eval2,A5E2_015,canonical_guard_keep2,3216,3188,785,1426,977,0.9912935323383084,9660,2817,6843,2767,18
learned,Eval2,A5E2_015,keep_repeats_0,3216,3173,734,1496,943,0.9866293532338308,9660,2709,6951,2663,18
learned,Eval2,A5E2_015,keep_repeats_1,3216,3179,762,1459,958,0.9884950248756219,9660,2763,6897,2715,18
learned,Eval2,A5E2_015,keep_repeats_2,3216,3188,785,1426,977,0.9912935323383084,9660,2817,6843,2767,18
learned,Eval2,A5E2_015,keep_repeats_3,3216,3200,833,1380,987,0.9950248756218906,9660,2875,6785,2823,18
learned,Eval2,A5E2_015,matched_hash_delete_seed_a,3216,3301,907,1422,972,1.0264303482587065,9660,2817,6843,2766,16
learned,Eval2,A5E2_015,matched_hash_delete_seed_b,3216,3303,908,1421,974,1.0270522388059702,9660,2817,6843,2769,16
learned,Eval2,A5E2_015,matched_hash_delete_seed_c,3216,3291,897,1422,972,1.023320895522388,9660,2817,6843,2766,16
learned,Eval2,A5E2_015,matched_hash_delete_seed_mean,3216,3298.3333333333335,904.0,1421.6666666666667,972.6666666666666,1.025601160862355,9660,2817,6843,2767.0,16
learned,Eval2,A5E2_015,matched_prefix,3216,3187,785,1425,977,0.9909825870646766,9660,2817,6843,2768,16
learned,Eval2,A5E2_015,matched_suffix,3216,3307,916,1420,971,1.0282960199004976,9660,2817,6843,2767,16
learned,Eval2,A5E2_015,triggered_segment_abstain,3216,3138,611,1771,756,0.9757462686567164,9660,2240,7420,2201,16
learned,Eval2,A5E2_016,canonical_guard_keep2,2629,2925,960,1133,832,1.112590338531761,8378,2381,5997,2328,13
learned,Eval2,A5E2_016,keep_repeats_0,2629,2868,925,1173,770,1.0909090909090908,8378,2269,6109,2226,13
learned,Eval2,A5E2_016,keep_repeats_1,2629,2896,942,1153,801,1.101559528337771,8378,2325,6053,2277,13
learned,Eval2,A5E2_016,keep_repeats_2,2629,2925,960,1133,832,1.112590338531761,8378,2381,5997,2328,13
learned,Eval2,A5E2_016,keep_repeats_3,2629,2952,976,1113,863,1.1228604031951313,8378,2437,5941,2379,13
learned,Eval2,A5E2_016,matched_hash_delete_seed_a,2629,2934,971,1133,830,1.1160136934195513,8378,2381,5997,2326,13
learned,Eval2,A5E2_016,matched_hash_delete_seed_b,2629,2930,970,1133,827,1.114492202358311,8378,2381,5997,2323,13
learned,Eval2,A5E2_016,matched_hash_delete_seed_c,2629,2934,972,1131,831,1.1160136934195513,8378,2381,5997,2329,13
learned,Eval2,A5E2_016,matched_hash_delete_seed_mean,2629,2932.6666666666665,971.0,1132.3333333333333,829.3333333333334,1.115506529732471,8378,2381,5997,2326.0,13
learned,Eval2,A5E2_016,matched_prefix,2629,2925,960,1133,832,1.112590338531761,8378,2381,5997,2328,13
learned,Eval2,A5E2_016,matched_suffix,2629,2934,968,1134,832,1.1160136934195513,8378,2381,5997,2327,13
learned,Eval2,A5E2_016,triggered_segment_abstain,2629,2756,894,1221,641,1.0483073411943704,8378,2087,6291,2049,13
learned,Eval2,A5E2_017,canonical_guard_keep2,3154,3185,727,1620,838,1.0098287888395687,10601,2446,8155,2372,22
learned,Eval2,A5E2_017,keep_repeats_0,3154,3121,683,1672,766,0.9895370957514268,10601,2316,8285,2248,22
learned,Eval2,A5E2_017,keep_repeats_1,3154,3151,703,1646,802,0.9990488268864933,10601,2381,8220,2310,22
learned,Eval2,A5E2_017,keep_repeats_2,3154,3185,727,1620,838,1.0098287888395687,10601,2446,8155,2372,22
learned,Eval2,A5E2_017,keep_repeats_3,3154,3219,751,1594,874,1.0206087507926442,10601,2511,8090,2434,22
learned,Eval2,A5E2_017,matched_hash_delete_seed_a,3154,3220,773,1610,837,1.0209258084971464,10601,2446,8155,2381,20
learned,Eval2,A5E2_017,matched_hash_delete_seed_b,3154,3223,765,1621,837,1.0218769816106532,10601,2446,8155,2370,20
learned,Eval2,A5E2_017,matched_hash_delete_seed_c,3154,3218,763,1617,838,1.020291693088142,10601,2446,8155,2375,20
learned,Eval2,A5E2_017,matched_hash_delete_seed_mean,3154,3220.3333333333335,767.0,1616.0,837.3333333333334,1.0210314943986474,10601,2446,8155,2375.3333333333335,20
learned,Eval2,A5E2_017,matched_prefix,3154,3186,727,1620,839,1.010145846544071,10601,2446,8155,2373,20
learned,Eval2,A5E2_017,matched_suffix,3154,3221,771,1614,836,1.0212428662016486,10601,2446,8155,2376,20
learned,Eval2,A5E2_017,triggered_segment_abstain,3154,3086,568,1836,682,0.9784400760938491,10601,2055,8546,2000,20
learned,Eval2,A5E2_018,canonical_guard_keep2,4144,4863,1197,1565,2101,1.173503861003861,12238,4844,7394,4680,19
learned,Eval2,A5E2_018,keep_repeats_0,4144,4714,1176,1597,1941,1.1375482625482625,12238,4644,7594,4488,19
learned,Eval2,A5E2_018,keep_repeats_1,4144,4787,1185,1581,2021,1.1551640926640927,12238,4744,7494,4584,19
learned,Eval2,A5E2_018,keep_repeats_2,4144,4863,1197,1565,2101,1.173503861003861,12238,4844,7394,4680,19
learned,Eval2,A5E2_018,keep_repeats_3,4144,4939,1209,1549,2181,1.1918436293436294,12238,4944,7294,4776,19
learned,Eval2,A5E2_018,matched_hash_delete_seed_a,4144,4895,1227,1562,2106,1.1812258687258688,12238,4844,7394,4688,19
learned,Eval2,A5E2_018,matched_hash_delete_seed_b,4144,4900,1229,1562,2109,1.1824324324324325,12238,4844,7394,4691,19
learned,Eval2,A5E2_018,matched_hash_delete_seed_c,4144,4904,1234,1562,2108,1.1833976833976834,12238,4844,7394,4690,19
learned,Eval2,A5E2_018,matched_hash_delete_seed_mean,4144,4899.666666666666,1230.0,1562.0,2107.6666666666665,1.1823519948519947,12238,4844,7394,4689.666666666667,19
learned,Eval2,A5E2_018,matched_prefix,4144,4865,1197,1565,2103,1.1739864864864864,12238,4844,7394,4682,19
learned,Eval2,A5E2_018,matched_suffix,4144,4898,1229,1562,2107,1.181949806949807,12238,4844,7394,4689,19
learned,Eval2,A5E2_018,triggered_segment_abstain,4144,4053,1148,1686,1219,0.9780405405405406,12238,3793,8445,3677,19
public,Eval1,A5E1_001,canonical_guard_keep2,1415,1271,567,493,211,0.8982332155477032,5111,1174,3937,1133,11
public,Eval1,A5E1_001,keep_repeats_0,1415,1214,528,531,155,0.8579505300353357,5111,1068,4043,1039,11
public,Eval1,A5E1_001,keep_repeats_1,1415,1242,547,512,183,0.8777385159010601,5111,1121,3990,1086,11
public,Eval1,A5E1_001,keep_repeats_2,1415,1271,567,493,211,0.8982332155477032,5111,1174,3937,1133,11
public,Eval1,A5E1_001,keep_repeats_3,1415,1302,583,477,242,0.9201413427561838,5111,1227,3884,1180,11
public,Eval1,A5E1_001,matched_hash_delete_seed_a,1415,1282,590,492,200,0.9060070671378092,5111,1174,3937,1123,10
public,Eval1,A5E1_001,matched_hash_delete_seed_b,1415,1286,585,492,209,0.9088339222614841,5111,1174,3937,1132,10
public,Eval1,A5E1_001,matched_hash_delete_seed_c,1415,1289,591,491,207,0.9109540636042402,5111,1174,3937,1131,10
public,Eval1,A5E1_001,matched_hash_delete_seed_mean,1415,1285.6666666666665,588.6666666666666,491.6666666666667,205.33333333333334,0.9085983510011777,5111,1174,3937,1128.6666666666667,10
public,Eval1,A5E1_001,matched_prefix,1415,1272,570,491,211,0.8989399293286219,5111,1174,3937,1135,10
public,Eval1,A5E1_001,matched_suffix,1415,1287,590,491,206,0.9095406360424029,5111,1174,3937,1130,10
public,Eval1,A5E1_001,triggered_segment_abstain,1415,1208,433,654,121,0.8537102473498234,5111,906,4205,882,10
public,Eval1,A5E1_002,canonical_guard_keep2,3204,3487,881,1335,1271,1.0883270911360798,12352,3178,9174,3140,20
public,Eval1,A5E1_002,keep_repeats_0,3204,3391,863,1358,1170,1.0583645443196006,12352,3046,9306,3016,20
public,Eval1,A5E1_002,keep_repeats_1,3204,3439,873,1346,1220,1.07334581772784,12352,3112,9240,3078,20
public,Eval1,A5E1_002,keep_repeats_2,3204,3487,881,1335,1271,1.0883270911360798,12352,3178,9174,3140,20
public,Eval1,A5E1_002,keep_repeats_3,3204,3535,891,1323,1321,1.1033083645443196,12352,3244,9108,3202,20
public,Eval1,A5E1_002,matched_hash_delete_seed_a,3204,3526,902,1346,1278,1.1004993757802746,12352,3178,9174,3136,20
public,Eval1,A5E1_002,matched_hash_delete_seed_b,3204,3528,901,1347,1280,1.101123595505618,12352,3178,9174,3137,20
public,Eval1,A5E1_002,matched_hash_delete_seed_c,3204,3517,900,1348,1269,1.0976903870162298,12352,3178,9174,3125,20
public,Eval1,A5E1_002,matched_hash_delete_seed_mean,3204,3523.666666666667,901.0,1347.0,1275.6666666666667,1.099771119434041,12352,3178,9174,3132.6666666666665,20
public,Eval1,A5E1_002,matched_prefix,3204,3487,881,1335,1271,1.0883270911360798,12352,3178,9174,3140,20
public,Eval1,A5E1_002,matched_suffix,3204,3525,906,1346,1273,1.100187265917603,12352,3178,9174,3131,20
public,Eval1,A5E1_002,triggered_segment_abstain,3204,3253,816,1441,996,1.0152933832709115,12352,2772,9580,2759,20
public,Eval1,A5E1_003,canonical_guard_keep2,2425,2353,920,825,608,0.9703092783505155,4012,2284,1728,2208,5
public,Eval1,A5E1_003,keep_repeats_0,2425,2338,907,841,590,0.9641237113402061,4012,2248,1764,2174,5
public,Eval1,A5E1_003,keep_repeats_1,2425,2344,911,835,598,0.9665979381443299,4012,2263,1749,2188,5
public,Eval1,A5E1_003,keep_repeats_2,2425,2353,920,825,608,0.9703092783505155,4012,2284,1728,2208,5
public,Eval1,A5E1_003,keep_repeats_3,2425,2367,920,822,625,0.9760824742268042,4012,2305,1707,2228,5
public,Eval1,A5E1_003,matched_hash_delete_seed_a,2425,2394,988,811,595,0.9872164948453608,4012,2284,1728,2209,4
public,Eval1,A5E1_003,matched_hash_delete_seed_b,2425,2391,992,808,591,0.985979381443299,4012,2284,1728,2208,4
public,Eval1,A5E1_003,matched_hash_delete_seed_c,2425,2392,991,809,592,0.9863917525773196,4012,2284,1728,2208,4
public,Eval1,A5E1_003,matched_hash_delete_seed_mean,2425,2392.3333333333335,990.3333333333334,809.3333333333334,592.6666666666666,0.9865292096219932,4012,2284,1728,2208.3333333333335,4
public,Eval1,A5E1_003,matched_prefix,2425,2353,920,825,608,0.9703092783505155,4012,2284,1728,2208,4
public,Eval1,A5E1_003,matched_suffix,2425,2391,990,809,592,0.985979381443299,4012,2284,1728,2208,4
public,Eval1,A5E1_003,triggered_segment_abstain,2425,2387,862,946,579,0.9843298969072165,4012,2132,1880,2058,4
public,Eval1,A5E1_004,canonical_guard_keep2,2543,2297,624,977,696,0.9032638615808101,8010,2353,5657,2262,11
public,Eval1,A5E1_004,keep_repeats_0,2543,2263,604,1009,650,0.8898938261895399,8010,2269,5741,2184,11
public,Eval1,A5E1_004,keep_repeats_1,2543,2278,612,993,673,0.8957923712151002,8010,2311,5699,2223,11
public,Eval1,A5E1_004,keep_repeats_2,2543,2297,624,977,696,0.9032638615808101,8010,2353,5657,2262,11
public,Eval1,A5E1_004,keep_repeats_3,2543,2317,637,961,719,0.9111285882815572,8010,2395,5615,2301,11
public,Eval1,A5E1_004,matched_hash_delete_seed_a,2543,2341,652,990,699,0.9205662603224538,8010,2353,5657,2252,11
public,Eval1,A5E1_004,matched_hash_delete_seed_b,2543,2339,650,990,699,0.9197797876523791,8010,2353,5657,2252,11
public,Eval1,A5E1_004,matched_hash_delete_seed_c,2543,2345,654,993,698,0.9221392056626032,8010,2353,5657,2248,11
public,Eval1,A5E1_004,matched_hash_delete_seed_mean,2543,2341.6666666666665,652.0,991.0,698.6666666666666,0.9208284178791453,8010,2353,5657,2250.6666666666665,11
public,Eval1,A5E1_004,matched_prefix,2543,2297,624,977,696,0.9032638615808101,8010,2353,5657,2262,11
public,Eval1,A5E1_004,matched_suffix,2543,2344,650,995,699,0.9217459693275659,8010,2353,5657,2247,11
public,Eval1,A5E1_004,triggered_segment_abstain,2543,2179,565,1095,519,0.8568619740464019,8010,2048,5962,1967,11
public,Eval1,A5E1_005,canonical_guard_keep2,2979,2605,597,1161,847,0.8744545149378986,7155,2721,4434,2665,10
public,Eval1,A5E1_005,keep_repeats_0,2979,2587,589,1193,805,0.8684122188653911,7155,2643,4512,2591,10
public,Eval1,A5E1_005,keep_repeats_1,2979,2594,607,1169,818,0.8707620006713662,7155,2682,4473,2628,10
public,Eval1,A5E1_005,keep_repeats_2,2979,2605,597,1161,847,0.8744545149378986,7155,2721,4434,2665,10
public,Eval1,A5E1_005,keep_repeats_3,2979,2616,617,1138,861,0.878147029204431,7155,2760,4395,2702,10
public,Eval1,A5E1_005,matched_hash_delete_seed_a,2979,2619,701,1114,804,0.879154078549849,7155,2721,4434,2669,10
public,Eval1,A5E1_005,matched_hash_delete_seed_b,2979,2614,696,1114,804,0.8774756629741524,7155,2721,4434,2669,10
public,Eval1,A5E1_005,matched_hash_delete_seed_c,2979,2617,695,1118,804,0.8784827123195703,7155,2721,4434,2665,10
public,Eval1,A5E1_005,matched_hash_delete_seed_mean,2979,2616.6666666666665,697.3333333333334,1115.3333333333333,804.0,0.8783708179478572,7155,2721,4434,2667.6666666666665,10
public,Eval1,A5E1_005,matched_prefix,2979,2605,597,1161,847,0.8744545149378986,7155,2721,4434,2665,10
public,Eval1,A5E1_005,matched_suffix,2979,2614,695,1115,804,0.8774756629741524,7155,2721,4434,2668,10
public,Eval1,A5E1_005,triggered_segment_abstain,2979,2406,537,1287,582,0.8076535750251762,7155,2319,4836,2274,10
public,Eval1,A5E1_006,canonical_guard_keep2,2142,2332,475,1131,726,1.0887021475256768,5936,1774,4162,1737,10
public,Eval1,A5E1_006,keep_repeats_0,2142,2299,452,1161,686,1.073295985060691,5936,1700,4236,1667,10
public,Eval1,A5E1_006,keep_repeats_1,2142,2316,464,1146,706,1.0812324929971988,5936,1737,4199,1702,10
public,Eval1,A5E1_006,keep_repeats_2,2142,2332,475,1131,726,1.0887021475256768,5936,1774,4162,1737,10
public,Eval1,A5E1_006,keep_repeats_3,2142,2350,486,1117,747,1.0971055088702149,5936,1811,4125,1772,10
public,Eval1,A5E1_006,matched_hash_delete_seed_a,2142,2352,488,1138,726,1.0980392156862746,5936,1774,4162,1730,10
public,Eval1,A5E1_006,matched_hash_delete_seed_b,2142,2345,485,1136,724,1.0947712418300655,5936,1774,4162,1730,10
public,Eval1,A5E1_006,matched_hash_delete_seed_c,2142,2351,493,1134,724,1.0975723622782447,5936,1774,4162,1732,10
public,Eval1,A5E1_006,matched_hash_delete_seed_mean,2142,2349.3333333333335,488.6666666666667,1136.0,724.6666666666666,1.0967942732648617,5936,1774,4162,1730.6666666666667,10
public,Eval1,A5E1_006,matched_prefix,2142,2332,476,1130,726,1.0887021475256768,5936,1774,4162,1738,10
public,Eval1,A5E1_006,matched_suffix,2142,2348,486,1137,725,1.096171802054155,5936,1774,4162,1730,10
public,Eval1,A5E1_006,triggered_segment_abstain,2142,2285,424,1212,649,1.0667600373482726,5936,1609,4327,1579,10
public,Eval1,A5E1_007,canonical_guard_keep2,2939,3018,680,1310,1028,1.0268798911194283,9596,2700,6896,2657,16
public,Eval1,A5E1_007,keep_repeats_0,2939,2961,647,1353,961,1.0074855392990814,9596,2584,7012,2547,16
public,Eval1,A5E1_007,keep_repeats_1,2939,2987,664,1330,993,1.0163320857434501,9596,2642,6954,2602,16
public,Eval1,A5E1_007,keep_repeats_2,2939,3018,680,1310,1028,1.0268798911194283,9596,2700,6896,2657,16
public,Eval1,A5E1_007,keep_repeats_3,2939,3046,699,1287,1060,1.036406941136441,9596,2758,6838,2712,16
public,Eval1,A5E1_007,matched_hash_delete_seed_a,2939,3080,736,1316,1028,1.0479755018713848,9596,2700,6896,2651,15
public,Eval1,A5E1_007,matched_hash_delete_seed_b,2939,3077,731,1318,1028,1.0469547465124192,9596,2700,6896,2649,15
public,Eval1,A5E1_007,matched_hash_delete_seed_c,2939,3084,729,1324,1031,1.0493365090166724,9596,2700,6896,2646,15
public,Eval1,A5E1_007,matched_hash_delete_seed_mean,2939,3080.333333333333,732.0,1319.3333333333333,1029.0,1.0480889191334921,9596,2700,6896,2648.6666666666665,15
public,Eval1,A5E1_007,matched_prefix,2939,3018,680,1310,1028,1.0268798911194283,9596,2700,6896,2657,15
public,Eval1,A5E1_007,matched_suffix,2939,3075,728,1315,1032,1.0462742429397753,9596,2700,6896,2656,15
public,Eval1,A5E1_007,triggered_segment_abstain,2939,2719,577,1495,647,0.9251446070091868,9596,2106,7490,2091,15
public,Eval1,A5E1_008,canonical_guard_keep2,4270,4746,1159,1171,2416,1.1114754098360655,10974,5580,5394,5515,14
public,Eval1,A5E1_008,keep_repeats_0,4270,4663,1132,1192,2339,1.0920374707259952,10974,5482,5492,5417,14
public,Eval1,A5E1_008,keep_repeats_1,4270,4706,1140,1185,2381,1.1021077283372365,10974,5531,5443,5466,14
public,Eval1,A5E1_008,keep_repeats_2,4270,4746,1159,1171,2416,1.1114754098360655,10974,5580,5394,5515,14
public,Eval1,A5E1_008,keep_repeats_3,4270,4789,1187,1154,2448,1.1215456674473068,10974,5629,5345,5564,14
public,Eval1,A5E1_008,matched_hash_delete_seed_a,4270,4745,1164,1168,2413,1.1112412177985949,10974,5580,5394,5515,14
public,Eval1,A5E1_008,matched_hash_delete_seed_b,4270,4749,1170,1167,2412,1.1121779859484777,10974,5580,5394,5515,14
public,Eval1,A5E1_008,matched_hash_delete_seed_c,4270,4745,1188,1156,2401,1.1112412177985949,10974,5580,5394,5515,14
public,Eval1,A5E1_008,matched_hash_delete_seed_mean,4270,4746.333333333334,1174.0,1163.6666666666667,2408.6666666666665,1.111553473848556,10974,5580,5394,5515.0,14
public,Eval1,A5E1_008,matched_prefix,4270,4746,1159,1171,2416,1.1114754098360655,10974,5580,5394,5515,14
public,Eval1,A5E1_008,matched_suffix,4270,4744,1165,1167,2412,1.1110070257611242,10974,5580,5394,5515,14
public,Eval1,A5E1_008,triggered_segment_abstain,4270,4269,1107,1226,1936,0.9997658079625292,10974,5045,5929,4980,14
public,Eval1,A5E1_009,canonical_guard_keep2,2496,2820,850,1187,783,1.1298076923076923,5835,2162,3673,2092,10
public,Eval1,A5E1_009,keep_repeats_0,2496,2796,786,1254,756,1.1201923076923077,5835,2066,3769,1998,10
public,Eval1,A5E1_009,keep_repeats_1,2496,2806,821,1218,767,1.1241987179487178,5835,2114,3721,2045,10
public,Eval1,A5E1_009,keep_repeats_2,2496,2820,850,1187,783,1.1298076923076923,5835,2162,3673,2092,10
public,Eval1,A5E1_009,keep_repeats_3,2496,2834,873,1159,802,1.1354166666666667,5835,2210,3625,2139,10
public,Eval1,A5E1_009,matched_hash_delete_seed_a,2496,2883,919,1181,783,1.1550480769230769,5835,2162,3673,2098,10
public,Eval1,A5E1_009,matched_hash_delete_seed_b,2496,2883,922,1180,781,1.1550480769230769,5835,2162,3673,2097,10
public,Eval1,A5E1_009,matched_hash_delete_seed_c,2496,2881,917,1181,783,1.154246794871795,5835,2162,3673,2098,10
public,Eval1,A5E1_009,matched_hash_delete_seed_mean,2496,2882.3333333333335,919.3333333333334,1180.6666666666667,782.3333333333334,1.154780982905983,5835,2162,3673,2097.6666666666665,10
public,Eval1,A5E1_009,matched_prefix,2496,2822,840,1192,790,1.1306089743589745,5835,2162,3673,2094,10
public,Eval1,A5E1_009,matched_suffix,2496,2889,930,1179,780,1.1574519230769231,5835,2162,3673,2097,10
public,Eval1,A5E1_009,triggered_segment_abstain,2496,2790,598,1500,692,1.1177884615384615,5835,1749,4086,1688,10
public,Eval1,A5E1_010,canonical_guard_keep2,1860,1925,961,559,405,1.0349462365591398,6250,1799,4451,1706,12
public,Eval1,A5E1_010,keep_repeats_0,1860,1916,933,593,390,1.0301075268817204,6250,1748,4502,1657,12
public,Eval1,A5E1_010,keep_repeats_1,1860,1920,946,577,397,1.032258064516129,6250,1772,4478,1680,12
public,Eval1,A5E1_010,keep_repeats_2,1860,1925,961,559,405,1.0349462365591398,6250,1799,4451,1706,12
public,Eval1,A5E1_010,keep_repeats_3,1860,1930,978,540,412,1.0376344086021505,6250,1826,4424,1732,12
public,Eval1,A5E1_010,matched_hash_delete_seed_a,1860,1934,966,556,412,1.0397849462365591,6250,1799,4451,1716,11
public,Eval1,A5E1_010,matched_hash_delete_seed_b,1860,1941,970,557,414,1.043548387096774,6250,1799,4451,1717,11
public,Eval1,A5E1_010,matched_hash_delete_seed_c,1860,1939,965,559,415,1.04247311827957,6250,1799,4451,1716,11
public,Eval1,A5E1_010,matched_hash_delete_seed_mean,1860,1938.0000000000002,967.0,557.3333333333334,413.6666666666667,1.0419354838709678,6250,1799,4451,1716.3333333333333,11
public,Eval1,A5E1_010,matched_prefix,1860,1927,962,559,406,1.0360215053763442,6250,1799,4451,1707,11
public,Eval1,A5E1_010,matched_suffix,1860,1938,966,558,414,1.0419354838709678,6250,1799,4451,1716,11
public,Eval1,A5E1_010,triggered_segment_abstain,1860,1844,857,681,306,0.9913978494623656,6250,1565,4685,1485,11
public,Eval1,A5E1_011,canonical_guard_keep2,2265,2309,1072,487,750,1.0194260485651214,7369,2593,4776,2528,13
public,Eval1,A5E1_011,keep_repeats_0,2265,2235,1044,518,673,0.9867549668874173,7369,2477,4892,2420,13
public,Eval1,A5E1_011,keep_repeats_1,2265,2272,1061,501,710,1.0030905077262693,7369,2535,4834,2474,13
public,Eval1,A5E1_011,keep_repeats_2,2265,2309,1072,487,750,1.0194260485651214,7369,2593,4776,2528,13
public,Eval1,A5E1_011,keep_repeats_3,2265,2349,1074,479,796,1.0370860927152319,7369,2651,4718,2582,13
public,Eval1,A5E1_011,matched_hash_delete_seed_a,2265,2334,1094,492,748,1.0304635761589405,7369,2593,4776,2521,13
public,Eval1,A5E1_011,matched_hash_delete_seed_b,2265,2342,1096,490,756,1.0339955849889624,7369,2593,4776,2531,13
public,Eval1,A5E1_011,matched_hash_delete_seed_c,2265,2336,1091,489,756,1.031346578366446,7369,2593,4776,2532,13
public,Eval1,A5E1_011,matched_hash_delete_seed_mean,2265,2337.3333333333335,1093.6666666666667,490.3333333333333,753.3333333333334,1.031935246504783,7369,2593,4776,2528.0,13
public,Eval1,A5E1_011,matched_prefix,2265,2310,1073,486,751,1.0198675496688743,7369,2593,4776,2530,13
public,Eval1,A5E1_011,matched_suffix,2265,2343,1098,491,754,1.0344370860927152,7369,2593,4776,2528,13
public,Eval1,A5E1_011,triggered_segment_abstain,2265,1946,821,765,360,0.8591611479028698,7369,1891,5478,1860,13
public,Eval1,A5E1_012,canonical_guard_keep2,3189,3690,493,1421,1776,1.1571025399811854,9221,3588,5633,3544,15
public,Eval1,A5E1_012,keep_repeats_0,3189,3618,493,1423,1702,1.134524929444967,9221,3510,5711,3468,15
public,Eval1,A5E1_012,keep_repeats_1,3189,3654,493,1422,1739,1.1458137347130761,9221,3549,5672,3506,15
public,Eval1,A5E1_012,keep_repeats_2,3189,3690,493,1421,1776,1.1571025399811854,9221,3588,5633,3544,15
public,Eval1,A5E1_012,keep_repeats_3,3189,3726,493,1420,1813,1.1683913452492944,9221,3627,5594,3582,15
public,Eval1,A5E1_012,matched_hash_delete_seed_a,3189,3712,523,1416,1773,1.1640012543116964,9221,3588,5633,3546,15
public,Eval1,A5E1_012,matched_hash_delete_seed_b,3189,3713,524,1416,1773,1.1643148322358106,9221,3588,5633,3546,15
public,Eval1,A5E1_012,matched_hash_delete_seed_c,3189,3714,522,1416,1776,1.1646284101599247,9221,3588,5633,3549,15
public,Eval1,A5E1_012,matched_hash_delete_seed_mean,3189,3713.0,523.0,1416.0,1774.0,1.1643148322358106,9221,3588,5633,3547.0,15
public,Eval1,A5E1_012,matched_prefix,3189,3693,493,1421,1779,1.1580432737535278,9221,3588,5633,3547,15
public,Eval1,A5E1_012,matched_suffix,3189,3713,524,1416,1773,1.1643148322358106,9221,3588,5633,3546,15
public,Eval1,A5E1_012,triggered_segment_abstain,3189,3381,473,1470,1438,1.0602069614299154,9221,3192,6029,3157,15
public,Eval1,A5E1_013,canonical_guard_keep2,3256,3593,903,855,1835,1.1035012285012284,11960,4242,7718,4236,17
public,Eval1,A5E1_013,keep_repeats_0,3256,3543,867,897,1779,1.0881449631449631,11960,4144,7816,4138,17
public,Eval1,A5E1_013,keep_repeats_1,3256,3566,883,876,1807,1.0952088452088453,11960,4193,7767,4187,17
public,Eval1,A5E1_013,keep_repeats_2,3256,3593,903,855,1835,1.1035012285012284,11960,4242,7718,4236,17
public,Eval1,A5E1_013,keep_repeats_3,3256,3620,923,834,1863,1.1117936117936118,11960,4291,7669,4285,17
public,Eval1,A5E1_013,matched_hash_delete_seed_a,3256,3674,1059,817,1798,1.1283783783783783,11960,4242,7718,4237,17
public,Eval1,A5E1_013,matched_hash_delete_seed_b,3256,3675,1060,817,1798,1.1286855036855037,11960,4242,7718,4237,17
public,Eval1,A5E1_013,matched_hash_delete_seed_c,3256,3671,1056,817,1798,1.1274570024570025,11960,4242,7718,4237,17
public,Eval1,A5E1_013,matched_hash_delete_seed_mean,3256,3673.333333333333,1058.3333333333333,817.0,1798.0,1.128173628173628,11960,4242,7718,4237.0,17
public,Eval1,A5E1_013,matched_prefix,3256,3593,904,854,1835,1.1035012285012284,11960,4242,7718,4237,17
public,Eval1,A5E1_013,matched_suffix,3256,3684,1068,818,1798,1.1314496314496314,11960,4242,7718,4236,17
public,Eval1,A5E1_013,triggered_segment_abstain,3256,3353,1099,927,1327,1.0297911547911547,11960,3661,8299,3656,17
public,Eval1,A5E1_014,canonical_guard_keep2,2420,3128,735,816,1577,1.2925619834710744,6374,3228,3146,3181,9
public,Eval1,A5E1_014,keep_repeats_0,2420,3049,724,830,1495,1.2599173553719007,6374,3126,3248,3085,9
public,Eval1,A5E1_014,keep_repeats_1,2420,3088,729,823,1536,1.2760330578512398,6374,3177,3197,3133,9
public,Eval1,A5E1_014,keep_repeats_2,2420,3128,735,816,1577,1.2925619834710744,6374,3228,3146,3181,9
public,Eval1,A5E1_014,keep_repeats_3,2420,3169,742,809,1618,1.309504132231405,6374,3279,3095,3229,9
public,Eval1,A5E1_014,matched_hash_delete_seed_a,2420,3147,757,815,1575,1.300413223140496,6374,3228,3146,3180,8
public,Eval1,A5E1_014,matched_hash_delete_seed_b,2420,3148,756,815,1577,1.3008264462809918,6374,3228,3146,3182,8
public,Eval1,A5E1_014,matched_hash_delete_seed_c,2420,3145,756,815,1574,1.2995867768595042,6374,3228,3146,3179,8
public,Eval1,A5E1_014,matched_hash_delete_seed_mean,2420,3146.666666666667,756.3333333333334,815.0,1575.3333333333333,1.300275482093664,6374,3228,3146,3180.3333333333335,8
public,Eval1,A5E1_014,matched_prefix,2420,3128,736,815,1577,1.2925619834710744,6374,3228,3146,3182,8
public,Eval1,A5E1_014,matched_suffix,2420,3148,756,816,1576,1.3008264462809918,6374,3228,3146,3180,8
public,Eval1,A5E1_014,triggered_segment_abstain,2420,3011,703,881,1427,1.2442148760330578,6374,3005,3369,2966,8
public,Eval1,A5E1_015,canonical_guard_keep2,4528,5369,861,1625,2883,1.1857332155477032,10798,5839,4959,5786,13
public,Eval1,A5E1_015,keep_repeats_0,4528,5327,825,1679,2823,1.1764575971731448,10798,5725,5073,5672,13
public,Eval1,A5E1_015,keep_repeats_1,4528,5347,842,1652,2853,1.1808745583038869,10798,5782,5016,5729,13
public,Eval1,A5E1_015,keep_repeats_2,4528,5369,861,1625,2883,1.1857332155477032,10798,5839,4959,5786,13
public,Eval1,A5E1_015,keep_repeats_3,4528,5395,884,1598,2913,1.1914752650176679,10798,5896,4902,5843,13
public,Eval1,A5E1_015,matched_hash_delete_seed_a,4528,5408,906,1622,2880,1.1943462897526502,10798,5839,4959,5786,12
public,Eval1,A5E1_015,matched_hash_delete_seed_b,4528,5405,903,1622,2880,1.193683745583039,10798,5839,4959,5786,12
public,Eval1,A5E1_015,matched_hash_delete_seed_c,4528,5411,909,1622,2880,1.1950088339222615,10798,5839,4959,5786,12
public,Eval1,A5E1_015,matched_hash_delete_seed_mean,4528,5408.0,906.0,1622.0,2880.0,1.1943462897526502,10798,5839,4959,5786.0,12
public,Eval1,A5E1_015,matched_prefix,4528,5367,859,1625,2883,1.185291519434629,10798,5839,4959,5786,12
public,Eval1,A5E1_015,matched_suffix,4528,5408,906,1622,2880,1.1943462897526502,10798,5839,4959,5786,12
public,Eval1,A5E1_015,triggered_segment_abstain,4528,5242,742,1804,2696,1.1576855123674912,10798,5473,5325,5420,12
public,Eval1,A5E1_016,canonical_guard_keep2,2631,1932,686,888,358,0.734321550741163,2979,2127,852,2101,2
public,Eval1,A5E1_016,keep_repeats_0,2631,1926,680,894,352,0.7320410490307868,2979,2115,864,2089,2
public,Eval1,A5E1_016,keep_repeats_1,2631,1929,683,891,355,0.7331812998859749,2979,2121,858,2095,2
public,Eval1,A5E1_016,keep_repeats_2,2631,1932,686,888,358,0.734321550741163,2979,2127,852,2101,2
public,Eval1,A5E1_016,keep_repeats_3,2631,1935,689,885,361,0.7354618015963512,2979,2133,846,2107,2
public,Eval1,A5E1_016,matched_hash_delete_seed_a,2631,1933,687,888,358,0.7347016343595592,2979,2127,852,2101,2
public,Eval1,A5E1_016,matched_hash_delete_seed_b,2631,1933,687,888,358,0.7347016343595592,2979,2127,852,2101,2
public,Eval1,A5E1_016,matched_hash_delete_seed_c,2631,1933,687,888,358,0.7347016343595592,2979,2127,852,2101,2
public,Eval1,A5E1_016,matched_hash_delete_seed_mean,2631,1933.0,687.0,888.0,358.0,0.7347016343595592,2979,2127,852,2101.0,2
public,Eval1,A5E1_016,matched_prefix,2631,1932,686,888,358,0.734321550741163,2979,2127,852,2101,2
public,Eval1,A5E1_016,matched_suffix,2631,1933,687,888,358,0.7347016343595592,2979,2127,852,2101,2
public,Eval1,A5E1_016,triggered_segment_abstain,2631,1903,678,897,328,0.7232991258076776,2979,2088,891,2062,2
public,Eval1,A5E1_017,canonical_guard_keep2,2196,3034,1694,65,1275,1.3816029143897997,8423,3470,4953,3406,12
public,Eval1,A5E1_017,keep_repeats_0,2196,2987,1703,70,1214,1.360200364298725,8423,3394,5029,3340,12
public,Eval1,A5E1_017,keep_repeats_1,2196,3009,1700,66,1243,1.3702185792349726,8423,3432,4991,3373,12
public,Eval1,A5E1_017,keep_repeats_2,2196,3034,1694,65,1275,1.3816029143897997,8423,3470,4953,3406,12
public,Eval1,A5E1_017,keep_repeats_3,2196,3060,1703,57,1300,1.3934426229508197,8423,3508,4915,3439,12
public,Eval1,A5E1_017,matched_hash_delete_seed_a,2196,3042,1704,62,1276,1.3852459016393444,8423,3470,4953,3410,12
public,Eval1,A5E1_017,matched_hash_delete_seed_b,2196,3043,1698,64,1281,1.3857012750455373,8423,3470,4953,3413,12
public,Eval1,A5E1_017,matched_hash_delete_seed_c,2196,3037,1706,61,1270,1.382969034608379,8423,3470,4953,3405,12
public,Eval1,A5E1_017,matched_hash_delete_seed_mean,2196,3040.666666666667,1702.6666666666667,62.333333333333336,1275.6666666666667,1.3846387370977535,8423,3470,4953,3409.3333333333335,12
public,Eval1,A5E1_017,matched_prefix,2196,3035,1694,65,1276,1.3820582877959928,8423,3470,4953,3407,12
public,Eval1,A5E1_017,matched_suffix,2196,3039,1702,63,1274,1.383879781420765,8423,3470,4953,3407,12
public,Eval1,A5E1_017,triggered_segment_abstain,2196,2861,1656,141,1064,1.302823315118397,8423,3158,5265,3119,12
public,Eval1,A5E1_018,canonical_guard_keep2,2338,2664,597,995,1072,1.1394354148845167,5286,2496,2790,2415,6
public,Eval1,A5E1_018,keep_repeats_0,2338,2628,593,1004,1031,1.124037639007699,5286,2444,2842,2365,6
public,Eval1,A5E1_018,keep_repeats_1,2338,2645,597,998,1050,1.1313088109495295,5286,2470,2816,2390,6
public,Eval1,A5E1_018,keep_repeats_2,2338,2664,597,995,1072,1.1394354148845167,5286,2496,2790,2415,6
public,Eval1,A5E1_018,keep_repeats_3,2338,2682,606,987,1089,1.1471343028229255,5286,2522,2764,2440,6
public,Eval1,A5E1_018,matched_hash_delete_seed_a,2338,2689,630,990,1069,1.1501283147989734,5286,2496,2790,2417,6
public,Eval1,A5E1_018,matched_hash_delete_seed_b,2338,2689,631,991,1067,1.1501283147989734,5286,2496,2790,2414,6
public,Eval1,A5E1_018,matched_hash_delete_seed_c,2338,2688,630,990,1068,1.1497005988023952,5286,2496,2790,2416,6
public,Eval1,A5E1_018,matched_hash_delete_seed_mean,2338,2688.666666666667,630.3333333333334,990.3333333333334,1068.0,1.1499857428001141,5286,2496,2790,2415.6666666666665,6
public,Eval1,A5E1_018,matched_prefix,2338,2664,597,995,1072,1.1394354148845167,5286,2496,2790,2415,6
public,Eval1,A5E1_018,matched_suffix,2338,2691,633,990,1068,1.15098374679213,5286,2496,2790,2416,6
public,Eval1,A5E1_018,triggered_segment_abstain,2338,2616,554,1073,989,1.1189050470487596,5286,2332,2954,2254,6
public,Eval2,A5E2_001,canonical_guard_keep2,3330,3187,945,992,1250,0.957057057057057,7136,3629,3507,3588,12
public,Eval2,A5E2_001,keep_repeats_0,3330,3120,934,1005,1181,0.9369369369369369,7136,3545,3591,3506,12
public,Eval2,A5E2_001,keep_repeats_1,3330,3153,940,998,1215,0.9468468468468468,7136,3587,3549,3547,12
public,Eval2,A5E2_001,keep_repeats_2,3330,3187,945,992,1250,0.957057057057057,7136,3629,3507,3588,12
public,Eval2,A5E2_001,keep_repeats_3,3330,3221,950,986,1285,0.9672672672672673,7136,3671,3465,3629,12
public,Eval2,A5E2_001,matched_hash_delete_seed_a,3330,3217,980,990,1247,0.966066066066066,7136,3629,3507,3587,11
public,Eval2,A5E2_001,matched_hash_delete_seed_b,3330,3218,980,990,1248,0.9663663663663664,7136,3629,3507,3588,11
public,Eval2,A5E2_001,matched_hash_delete_seed_c,3330,3220,980,991,1249,0.9669669669669669,7136,3629,3507,3588,11
public,Eval2,A5E2_001,matched_hash_delete_seed_mean,3330,3218.3333333333335,980.0,990.3333333333334,1248.0,0.9664664664664665,7136,3629,3507,3587.6666666666665,11
public,Eval2,A5E2_001,matched_prefix,3330,3188,944,992,1252,0.9573573573573574,7136,3629,3507,3590,11
public,Eval2,A5E2_001,matched_suffix,3330,3242,1006,990,1246,0.9735735735735735,7136,3629,3507,3586,11
public,Eval2,A5E2_001,triggered_segment_abstain,3330,2942,851,1140,951,0.8834834834834835,7136,3178,3958,3141,11
public,Eval2,A5E2_002,canonical_guard_keep2,3629,3690,1495,1474,721,1.0168090383025628,10925,2935,7990,2876,20
public,Eval2,A5E2_002,keep_repeats_0,3629,3583,1460,1510,613,0.987324331771838,10925,2785,8140,2732,20
public,Eval2,A5E2_002,keep_repeats_1,3629,3634,1475,1492,667,1.0013777900248002,10925,2860,8065,2804,20
public,Eval2,A5E2_002,keep_repeats_2,3629,3690,1495,1474,721,1.0168090383025628,10925,2935,7990,2876,20
public,Eval2,A5E2_002,keep_repeats_3,3629,3744,1511,1457,776,1.031689170570405,10925,3010,7915,2948,20
public,Eval2,A5E2_002,matched_hash_delete_seed_a,3629,3748,1539,1486,723,1.0327914025902452,10925,2935,7990,2866,20
public,Eval2,A5E2_002,matched_hash_delete_seed_b,3629,3746,1538,1491,717,1.032240286580325,10925,2935,7990,2855,20
public,Eval2,A5E2_002,matched_hash_delete_seed_c,3629,3743,1536,1487,720,1.031413612565445,10925,2935,7990,2862,20
public,Eval2,A5E2_002,matched_hash_delete_seed_mean,3629,3745.666666666667,1537.6666666666667,1488.0,720.0,1.0321484339120053,10925,2935,7990,2861.0,20
public,Eval2,A5E2_002,matched_prefix,3629,3691,1495,1474,722,1.0170845963075228,10925,2935,7990,2877,20
public,Eval2,A5E2_002,matched_suffix,3629,3752,1538,1493,721,1.0338936346100853,10925,2935,7990,2857,20
public,Eval2,A5E2_002,triggered_segment_abstain,3629,3488,1230,1795,463,0.9611463213006338,10925,2343,8582,2297,20
public,Eval2,A5E2_003,canonical_guard_keep2,1784,1970,783,644,543,1.1042600896860986,5680,1739,3941,1683,10
public,Eval2,A5E2_003,keep_repeats_0,1784,1928,743,687,498,1.0807174887892377,5680,1645,4035,1595,10
public,Eval2,A5E2_003,keep_repeats_1,1784,1948,763,665,520,1.0919282511210762,5680,1692,3988,1639,10
public,Eval2,A5E2_003,keep_repeats_2,1784,1970,783,644,543,1.1042600896860986,5680,1739,3941,1683,10
public,Eval2,A5E2_003,keep_repeats_3,1784,1992,803,623,566,1.116591928251121,5680,1786,3894,1727,10
public,Eval2,A5E2_003,matched_hash_delete_seed_a,1784,1975,781,645,549,1.1070627802690582,5680,1739,3941,1688,10
public,Eval2,A5E2_003,matched_hash_delete_seed_b,1784,1969,782,647,540,1.1036995515695067,5680,1739,3941,1677,10
public,Eval2,A5E2_003,matched_hash_delete_seed_c,1784,1970,781,646,543,1.1042600896860986,5680,1739,3941,1681,10
public,Eval2,A5E2_003,matched_hash_delete_seed_mean,1784,1971.3333333333335,781.3333333333334,646.0,544.0,1.1050074738415547,5680,1739,3941,1682.0,10
public,Eval2,A5E2_003,matched_prefix,1784,1970,783,644,543,1.1042600896860986,5680,1739,3941,1683,10
public,Eval2,A5E2_003,matched_suffix,1784,1973,782,646,545,1.1059417040358743,5680,1739,3941,1683,10
public,Eval2,A5E2_003,triggered_segment_abstain,1784,1845,691,741,413,1.0341928251121075,5680,1497,4183,1456,10
public,Eval2,A5E2_004,canonical_guard_keep2,3263,3443,734,2231,478,1.0551639595464297,7837,1549,6288,1510,14
public,Eval2,A5E2_004,keep_repeats_0,3263,3419,696,2277,446,1.047808764940239,7837,1467,6370,1432,14
public,Eval2,A5E2_004,keep_repeats_1,3263,3431,715,2254,462,1.0514863622433344,7837,1508,6329,1471,14
public,Eval2,A5E2_004,keep_repeats_2,3263,3443,734,2231,478,1.0551639595464297,7837,1549,6288,1510,14
public,Eval2,A5E2_004,keep_repeats_3,3263,3456,754,2208,494,1.0591480232914496,7837,1590,6247,1549,14
public,Eval2,A5E2_004,matched_hash_delete_seed_a,3263,3471,775,2220,476,1.0637450199203187,7837,1549,6288,1519,14
public,Eval2,A5E2_004,matched_hash_delete_seed_b,3263,3477,780,2221,476,1.0655838185718665,7837,1549,6288,1518,14
public,Eval2,A5E2_004,matched_hash_delete_seed_c,3263,3472,778,2218,476,1.0640514863622432,7837,1549,6288,1521,14
public,Eval2,A5E2_004,matched_hash_delete_seed_mean,3263,3473.333333333333,777.6666666666666,2219.6666666666665,476.0,1.0644601082848093,7837,1549,6288,1519.3333333333333,14
public,Eval2,A5E2_004,matched_prefix,3263,3443,734,2231,478,1.0551639595464297,7837,1549,6288,1510,14
public,Eval2,A5E2_004,matched_suffix,3263,3484,791,2217,476,1.0677290836653386,7837,1549,6288,1522,14
public,Eval2,A5E2_004,triggered_segment_abstain,3263,3395,517,2504,374,1.0404535703340485,7837,1152,6685,1133,14
public,Eval2,A5E2_005,canonical_guard_keep2,4472,3872,1137,2133,602,0.8658318425760286,12007,3004,9003,2941,22
public,Eval2,A5E2_005,keep_repeats_0,4472,3824,1083,2208,533,0.855098389982111,12007,2852,9155,2797,22
public,Eval2,A5E2_005,keep_repeats_1,4472,3847,1109,2173,565,0.8602415026833632,12007,2923,9084,2864,22
public,Eval2,A5E2_005,keep_repeats_2,4472,3872,1137,2133,602,0.8658318425760286,12007,3004,9003,2941,22
public,Eval2,A5E2_005,keep_repeats_3,4472,3901,1177,2089,635,0.8723166368515206,12007,3085,8922,3018,22
public,Eval2,A5E2_005,matched_hash_delete_seed_a,4472,3983,1254,2136,593,0.8906529516994633,12007,3004,9003,2929,21
public,Eval2,A5E2_005,matched_hash_delete_seed_b,4472,3990,1260,2136,594,0.8922182468694096,12007,3004,9003,2930,21
public,Eval2,A5E2_005,matched_hash_delete_seed_c,4472,3981,1248,2140,593,0.8902057245080501,12007,3004,9003,2925,21
public,Eval2,A5E2_005,matched_hash_delete_seed_mean,4472,3984.666666666667,1254.0,2137.3333333333335,593.3333333333334,0.8910256410256411,12007,3004,9003,2928.0,21
public,Eval2,A5E2_005,matched_prefix,4472,3873,1137,2133,603,0.8660554561717353,12007,3004,9003,2942,21
public,Eval2,A5E2_005,matched_suffix,4472,4004,1280,2133,591,0.8953488372093024,12007,3004,9003,2930,21
public,Eval2,A5E2_005,triggered_segment_abstain,4472,3778,900,2549,329,0.8448121645796064,12007,2297,9710,2252,21
public,Eval2,A5E2_006,canonical_guard_keep2,3788,4483,1359,1633,1491,1.1834741288278776,15952,3720,12232,3646,31
public,Eval2,A5E2_006,keep_repeats_0,3788,4417,1293,1706,1418,1.166050686378036,15952,3574,12378,3500,31
public,Eval2,A5E2_006,keep_repeats_1,3788,4449,1326,1669,1454,1.1744984160506864,15952,3647,12305,3573,31
public,Eval2,A5E2_006,keep_repeats_2,3788,4483,1359,1633,1491,1.1834741288278776,15952,3720,12232,3646,31
public,Eval2,A5E2_006,keep_repeats_3,3788,4518,1389,1599,1530,1.192713833157339,15952,3793,12159,3719,31
public,Eval2,A5E2_006,matched_hash_delete_seed_a,3788,4518,1394,1627,1497,1.192713833157339,15952,3720,12232,3658,30
public,Eval2,A5E2_006,matched_hash_delete_seed_b,3788,4515,1391,1627,1497,1.191921858500528,15952,3720,12232,3658,30
public,Eval2,A5E2_006,matched_hash_delete_seed_c,3788,4515,1391,1628,1496,1.191921858500528,15952,3720,12232,3656,30
public,Eval2,A5E2_006,matched_hash_delete_seed_mean,3788,4516.0,1392.0,1627.3333333333333,1496.6666666666667,1.1921858500527982,15952,3720,12232,3657.3333333333335,30
public,Eval2,A5E2_006,matched_prefix,3788,4484,1359,1633,1492,1.1837381203801478,15952,3720,12232,3647,30
public,Eval2,A5E2_006,matched_suffix,3788,4514,1389,1628,1497,1.1916578669482576,15952,3720,12232,3657,30
public,Eval2,A5E2_006,triggered_segment_abstain,3788,4039,1106,1943,990,1.0662618796198522,15952,2897,13055,2835,30
public,Eval2,A5E2_007,canonical_guard_keep2,2666,2847,954,1207,686,1.0678919729932483,7876,2201,5675,2145,14
public,Eval2,A5E2_007,keep_repeats_0,2666,2788,891,1279,618,1.04576144036009,7876,2055,5821,2005,14
public,Eval2,A5E2_007,keep_repeats_1,2666,2815,920,1243,652,1.0558889722430607,7876,2128,5748,2075,14
public,Eval2,A5E2_007,keep_repeats_2,2666,2847,954,1207,686,1.0678919729932483,7876,2201,5675,2145,14
public,Eval2,A5E2_007,keep_repeats_3,2666,2878,987,1171,720,1.0795198799699925,7876,2274,5602,2215,14
public,Eval2,A5E2_007,matched_hash_delete_seed_a,2666,2892,1001,1205,686,1.0847711927981996,7876,2201,5675,2147,14
public,Eval2,A5E2_007,matched_hash_delete_seed_b,2666,2885,995,1205,685,1.082145536384096,7876,2201,5675,2146,14
public,Eval2,A5E2_007,matched_hash_delete_seed_c,2666,2893,1000,1205,688,1.0851462865716428,7876,2201,5675,2149,14
public,Eval2,A5E2_007,matched_hash_delete_seed_mean,2666,2890.0,998.6666666666666,1205.0,686.3333333333334,1.0840210052513128,7876,2201,5675,2147.3333333333335,14
public,Eval2,A5E2_007,matched_prefix,2666,2848,955,1206,687,1.0682670667666916,7876,2201,5675,2147,14
public,Eval2,A5E2_007,matched_suffix,2666,2893,1001,1206,686,1.0851462865716428,7876,2201,5675,2146,14
public,Eval2,A5E2_007,triggered_segment_abstain,2666,2710,789,1448,473,1.016504126031508,7876,1735,6141,1691,14
public,Eval2,A5E2_008,canonical_guard_keep2,4247,4653,699,2179,1775,1.095596891923711,12814,3862,8952,3843,26
public,Eval2,A5E2_008,keep_repeats_0,4247,4585,665,2233,1687,1.079585589828114,12814,3716,9098,3701,26
public,Eval2,A5E2_008,keep_repeats_1,4247,4617,680,2206,1731,1.087120320226042,12814,3789,9025,3772,26
public,Eval2,A5E2_008,keep_repeats_2,4247,4653,699,2179,1775,1.095596891923711,12814,3862,8952,3843,26
public,Eval2,A5E2_008,keep_repeats_3,4247,4688,717,2152,1819,1.1038380032964445,12814,3935,8879,3914,26
public,Eval2,A5E2_008,matched_hash_delete_seed_a,4247,4732,780,2175,1777,1.1141982575935956,12814,3862,8952,3849,24
public,Eval2,A5E2_008,matched_hash_delete_seed_b,4247,4739,789,2174,1776,1.1158464798681422,12814,3862,8952,3849,24
public,Eval2,A5E2_008,matched_hash_delete_seed_c,4247,4738,784,2174,1780,1.115611019543207,12814,3862,8952,3853,24
public,Eval2,A5E2_008,matched_hash_delete_seed_mean,4247,4736.333333333334,784.3333333333334,2174.3333333333335,1777.6666666666667,1.115218585668315,12814,3862,8952,3850.3333333333335,24
public,Eval2,A5E2_008,matched_prefix,4247,4654,699,2178,1777,1.0958323522486462,12814,3862,8952,3846,24
public,Eval2,A5E2_008,matched_suffix,4247,4751,799,2175,1777,1.1186720037673652,12814,3862,8952,3849,24
public,Eval2,A5E2_008,triggered_segment_abstain,4247,4231,509,2529,1193,0.9962326348010361,12814,2917,9897,2911,24
public,Eval2,A5E2_009,canonical_guard_keep2,3072,2796,843,1616,337,0.91015625,5861,1850,4011,1793,10
public,Eval2,A5E2_009,keep_repeats_0,3072,2754,815,1646,293,0.896484375,5861,1772,4089,1719,10
public,Eval2,A5E2_009,keep_repeats_1,3072,2775,829,1631,315,0.9033203125,5861,1811,4050,1756,10
public,Eval2,A5E2_009,keep_repeats_2,3072,2796,843,1616,337,0.91015625,5861,1850,4011,1793,10
public,Eval2,A5E2_009,keep_repeats_3,3072,2817,857,1601,359,0.9169921875,5861,1889,3972,1830,10
public,Eval2,A5E2_009,matched_hash_delete_seed_a,3072,2812,852,1617,343,0.9153645833333334,5861,1850,4011,1798,10
public,Eval2,A5E2_009,matched_hash_delete_seed_b,3072,2811,855,1615,341,0.9150390625,5861,1850,4011,1798,10
public,Eval2,A5E2_009,matched_hash_delete_seed_c,3072,2811,853,1618,340,0.9150390625,5861,1850,4011,1794,10
public,Eval2,A5E2_009,matched_hash_delete_seed_mean,3072,2811.3333333333335,853.3333333333334,1616.6666666666667,341.3333333333333,0.9151475694444445,5861,1850,4011,1796.6666666666667,10
public,Eval2,A5E2_009,matched_prefix,3072,2796,843,1616,337,0.91015625,5861,1850,4011,1793,10
public,Eval2,A5E2_009,matched_suffix,3072,2811,852,1617,342,0.9150390625,5861,1850,4011,1797,10
public,Eval2,A5E2_009,triggered_segment_abstain,3072,2609,795,1678,136,0.8492838541666666,5861,1578,4283,1530,10
public,Eval2,A5E2_010,canonical_guard_keep2,4241,4543,716,2214,1613,1.0712096203725536,11677,3704,7973,3640,19
public,Eval2,A5E2_010,keep_repeats_0,4241,4454,697,2241,1516,1.050224003772695,11677,3572,8105,3516,18
public,Eval2,A5E2_010,keep_repeats_1,4241,4500,691,2245,1564,1.0610705022400377,11677,3620,8057,3560,19
public,Eval2,A5E2_010,keep_repeats_2,4241,4543,716,2214,1613,1.0712096203725536,11677,3704,7973,3640,19
public,Eval2,A5E2_010,keep_repeats_3,4241,4586,741,2183,1662,1.0813487385050695,11677,3788,7889,3720,19
public,Eval2,A5E2_010,matched_hash_delete_seed_a,4241,4599,783,2210,1606,1.0844140532893185,11677,3704,7973,3637,18
public,Eval2,A5E2_010,matched_hash_delete_seed_b,4241,4611,786,2210,1615,1.0872435746286253,11677,3704,7973,3646,18
public,Eval2,A5E2_010,matched_hash_delete_seed_c,4241,4600,780,2209,1611,1.0846498467342607,11677,3704,7973,3643,18
public,Eval2,A5E2_010,matched_hash_delete_seed_mean,4241,4603.333333333333,783.0,2209.6666666666665,1610.6666666666667,1.085435824884068,11677,3704,7973,3642.0,18
public,Eval2,A5E2_010,matched_prefix,4241,4545,718,2214,1613,1.0716812072624382,11677,3704,7973,3640,18
public,Eval2,A5E2_010,matched_suffix,4241,4601,782,2208,1611,1.084885640179203,11677,3704,7973,3644,18
public,Eval2,A5E2_010,triggered_segment_abstain,4241,4305,560,2477,1268,1.0150907804763027,11677,3083,8594,3032,18
public,Eval2,A5E2_011,canonical_guard_keep2,3330,3459,602,1915,942,1.0387387387387388,8062,2404,5658,2357,15
public,Eval2,A5E2_011,keep_repeats_0,3330,3360,581,1943,836,1.009009009009009,8062,2264,5798,2223,15
public,Eval2,A5E2_011,keep_repeats_1,3330,3408,592,1928,888,1.0234234234234234,8062,2334,5728,2290,15
public,Eval2,A5E2_011,keep_repeats_2,3330,3459,602,1915,942,1.0387387387387388,8062,2404,5658,2357,15
public,Eval2,A5E2_011,keep_repeats_3,3330,3510,618,1899,993,1.054054054054054,8062,2474,5588,2424,15
public,Eval2,A5E2_011,matched_hash_delete_seed_a,3330,3556,720,1904,932,1.067867867867868,8062,2404,5658,2358,15
public,Eval2,A5E2_011,matched_hash_delete_seed_b,3330,3552,709,1909,934,1.0666666666666667,8062,2404,5658,2355,15
public,Eval2,A5E2_011,matched_hash_delete_seed_c,3330,3557,711,1908,938,1.068168168168168,8062,2404,5658,2360,15
public,Eval2,A5E2_011,matched_hash_delete_seed_mean,3330,3555.0,713.3333333333334,1907.0,934.6666666666666,1.0675675675675675,8062,2404,5658,2357.6666666666665,15
public,Eval2,A5E2_011,matched_prefix,3330,3459,605,1912,942,1.0387387387387388,8062,2404,5658,2360,15
public,Eval2,A5E2_011,matched_suffix,3330,3579,728,1915,936,1.0747747747747747,8062,2404,5658,2351,15
public,Eval2,A5E2_011,triggered_segment_abstain,3330,3180,432,2229,519,0.954954954954955,8062,1643,6419,1620,15
public,Eval2,A5E2_012,canonical_guard_keep2,3770,3379,920,2129,330,0.8962864721485411,8182,2004,6178,1971,14
public,Eval2,A5E2_012,keep_repeats_0,3770,3376,869,2194,313,0.8954907161803713,8182,1920,6262,1889,14
public,Eval2,A5E2_012,keep_repeats_1,3770,3376,894,2161,321,0.8954907161803713,8182,1962,6220,1930,14
public,Eval2,A5E2_012,keep_repeats_2,3770,3379,920,2129,330,0.8962864721485411,8182,2004,6178,1971,14
public,Eval2,A5E2_012,keep_repeats_3,3770,3380,946,2096,338,0.896551724137931,8182,2046,6136,2012,14
public,Eval2,A5E2_012,matched_hash_delete_seed_a,3770,3387,925,2132,330,0.8984084880636605,8182,2004,6178,1968,14
public,Eval2,A5E2_012,matched_hash_delete_seed_b,3770,3387,925,2131,331,0.8984084880636605,8182,2004,6178,1970,14
public,Eval2,A5E2_012,matched_hash_delete_seed_c,3770,3389,933,2127,329,0.8989389920424403,8182,2004,6178,1972,14
public,Eval2,A5E2_012,matched_hash_delete_seed_mean,3770,3387.6666666666665,927.6666666666666,2130.0,330.0,0.8985853227232538,8182,2004,6178,1970.0,14
public,Eval2,A5E2_012,matched_prefix,3770,3379,920,2129,330,0.8962864721485411,8182,2004,6178,1971,14
public,Eval2,A5E2_012,matched_suffix,3770,3382,923,2129,330,0.8970822281167109,8182,2004,6178,1971,14
public,Eval2,A5E2_012,triggered_segment_abstain,3770,3389,822,2268,299,0.8989389920424403,8182,1832,6350,1801,14
public,Eval2,A5E2_013,canonical_guard_keep2,3524,3199,838,1383,978,0.9077752553916004,6608,3182,3426,3119,8
public,Eval2,A5E2_013,keep_repeats_0,3524,3147,820,1403,924,0.8930192962542566,6608,3106,3502,3045,8
public,Eval2,A5E2_013,keep_repeats_1,3524,3173,829,1393,951,0.9003972758229285,6608,3144,3464,3082,8
public,Eval2,A5E2_013,keep_repeats_2,3524,3199,838,1383,978,0.9077752553916004,6608,3182,3426,3119,8
public,Eval2,A5E2_013,keep_repeats_3,3524,3226,848,1373,1005,0.9154370034052214,6608,3220,3388,3156,8
public,Eval2,A5E2_013,matched_hash_delete_seed_a,3524,3203,842,1383,978,0.9089103291713961,6608,3182,3426,3119,8
public,Eval2,A5E2_013,matched_hash_delete_seed_b,3524,3205,841,1383,981,0.909477866061294,6608,3182,3426,3122,8
public,Eval2,A5E2_013,matched_hash_delete_seed_c,3524,3199,840,1383,976,0.9077752553916004,6608,3182,3426,3117,8
public,Eval2,A5E2_013,matched_hash_delete_seed_mean,3524,3202.3333333333335,841.0,1383.0,978.3333333333334,0.9087211502080969,6608,3182,3426,3119.3333333333335,8
public,Eval2,A5E2_013,matched_prefix,3524,3199,838,1383,978,0.9077752553916004,6608,3182,3426,3119,8
public,Eval2,A5E2_013,matched_suffix,3524,3201,839,1383,979,0.9083427922814983,6608,3182,3426,3120,8
public,Eval2,A5E2_013,triggered_segment_abstain,3524,3015,806,1424,785,0.8555618615209989,6608,2944,3664,2885,8
public,Eval2,A5E2_014,canonical_guard_keep2,4028,3832,648,2049,1135,0.9513406156901688,7308,3198,4110,3114,11
public,Eval2,A5E2_014,keep_repeats_0,4028,3796,630,2073,1093,0.94240317775571,7308,3122,4186,3048,11
public,Eval2,A5E2_014,keep_repeats_1,4028,3814,641,2060,1113,0.9468718967229395,7308,3160,4148,3081,11
public,Eval2,A5E2_014,keep_repeats_2,4028,3832,648,2049,1135,0.9513406156901688,7308,3198,4110,3114,11
public,Eval2,A5E2_014,keep_repeats_3,4028,3852,659,2037,1156,0.9563058589870904,7308,3236,4072,3147,11
public,Eval2,A5E2_014,matched_hash_delete_seed_a,4028,3857,680,2051,1126,0.9575471698113207,7308,3198,4110,3103,10
public,Eval2,A5E2_014,matched_hash_delete_seed_b,4028,3852,676,2053,1123,0.9563058589870904,7308,3198,4110,3098,10
public,Eval2,A5E2_014,matched_hash_delete_seed_c,4028,3859,680,2052,1127,0.9580436941410129,7308,3198,4110,3103,10
public,Eval2,A5E2_014,matched_hash_delete_seed_mean,4028,3856.0,678.6666666666666,2052.0,1125.3333333333333,0.9572989076464746,7308,3198,4110,3101.3333333333335,10
public,Eval2,A5E2_014,matched_prefix,4028,3833,647,2050,1136,0.9515888778550149,7308,3198,4110,3114,10
public,Eval2,A5E2_014,matched_suffix,4028,3848,677,2049,1122,0.9553128103277061,7308,3198,4110,3101,10
public,Eval2,A5E2_014,triggered_segment_abstain,4028,3598,566,2199,833,0.8932472691161867,7308,2705,4603,2662,10
public,Eval2,A5E2_015,canonical_guard_keep2,3216,3110,728,1547,835,0.9670398009950248,8657,2575,6082,2504,17
public,Eval2,A5E2_015,keep_repeats_0,3216,3079,687,1614,778,0.9574004975124378,8657,2439,6218,2380,17
public,Eval2,A5E2_015,keep_repeats_1,3216,3092,708,1580,804,0.9614427860696517,8657,2505,6152,2440,17
public,Eval2,A5E2_015,keep_repeats_2,3216,3110,728,1547,835,0.9670398009950248,8657,2575,6082,2504,17
public,Eval2,A5E2_015,keep_repeats_3,3216,3128,772,1502,854,0.972636815920398,8657,2645,6012,2568,17
public,Eval2,A5E2_015,matched_hash_delete_seed_a,3216,3147,827,1528,792,0.9785447761194029,8657,2575,6082,2480,14
public,Eval2,A5E2_015,matched_hash_delete_seed_b,3216,3146,821,1530,795,0.9782338308457711,8657,2575,6082,2481,14
public,Eval2,A5E2_015,matched_hash_delete_seed_c,3216,3151,818,1532,801,0.9797885572139303,8657,2575,6082,2485,14
public,Eval2,A5E2_015,matched_hash_delete_seed_mean,3216,3148.0,822.0,1530.0,796.0,0.9788557213930348,8657,2575,6082,2482.0,14
public,Eval2,A5E2_015,matched_prefix,3216,3113,728,1545,840,0.9679726368159204,8657,2575,6082,2511,14
public,Eval2,A5E2_015,matched_suffix,3216,3139,826,1536,777,0.9760572139303483,8657,2575,6082,2457,14
public,Eval2,A5E2_015,triggered_segment_abstain,3216,2937,620,1785,532,0.9132462686567164,8657,1991,6666,1963,14
public,Eval2,A5E2_016,canonical_guard_keep2,2629,3061,1122,956,983,1.1643210346139217,7889,2727,5162,2656,13
public,Eval2,A5E2_016,keep_repeats_0,2629,3010,1101,979,930,1.1449220235831115,7889,2643,5246,2580,13
public,Eval2,A5E2_016,keep_repeats_1,2629,3035,1112,967,956,1.1544313427158615,7889,2685,5204,2618,13
public,Eval2,A5E2_016,keep_repeats_2,2629,3061,1122,956,983,1.1643210346139217,7889,2727,5162,2656,13
public,Eval2,A5E2_016,keep_repeats_3,2629,3086,1131,945,1010,1.1738303537466717,7889,2769,5120,2694,13
public,Eval2,A5E2_016,matched_hash_delete_seed_a,2629,3063,1133,960,970,1.1650817801445417,7889,2727,5162,2639,12
public,Eval2,A5E2_016,matched_hash_delete_seed_b,2629,3065,1131,957,977,1.1658425256751617,7889,2727,5162,2649,12
public,Eval2,A5E2_016,matched_hash_delete_seed_c,2629,3071,1134,955,982,1.1681247622670217,7889,2727,5162,2656,12
public,Eval2,A5E2_016,matched_hash_delete_seed_mean,2629,3066.3333333333335,1132.6666666666667,957.3333333333334,976.3333333333334,1.1663496893622418,7889,2727,5162,2648.0,12
public,Eval2,A5E2_016,matched_prefix,2629,3061,1122,956,983,1.1643210346139217,7889,2727,5162,2656,12
public,Eval2,A5E2_016,matched_suffix,2629,3062,1131,957,974,1.1647014073792317,7889,2727,5162,2646,12
public,Eval2,A5E2_016,triggered_segment_abstain,2629,2853,1075,1020,758,1.0852034994294408,7889,2416,5473,2367,12
public,Eval2,A5E2_017,canonical_guard_keep2,3154,3239,759,1584,896,1.0269499048826887,8631,2537,6094,2466,16
public,Eval2,A5E2_017,keep_repeats_0,3154,3216,716,1637,863,1.0196575776791377,8631,2443,6188,2380,16
public,Eval2,A5E2_017,keep_repeats_1,3154,3224,733,1611,880,1.0221940393151554,8631,2490,6141,2423,16
public,Eval2,A5E2_017,keep_repeats_2,3154,3239,759,1584,896,1.0269499048826887,8631,2537,6094,2466,16
public,Eval2,A5E2_017,keep_repeats_3,3154,3253,784,1557,912,1.0313887127457197,8631,2584,6047,2509,16
public,Eval2,A5E2_017,matched_hash_delete_seed_a,3154,3278,798,1584,896,1.0393151553582751,8631,2537,6094,2466,15
public,Eval2,A5E2_017,matched_hash_delete_seed_b,3154,3279,792,1594,893,1.0396322130627775,8631,2537,6094,2453,15
public,Eval2,A5E2_017,matched_hash_delete_seed_c,3154,3280,790,1596,894,1.0399492707672797,8631,2537,6094,2452,15
public,Eval2,A5E2_017,matched_hash_delete_seed_mean,3154,3279.0,793.3333333333334,1591.3333333333333,894.3333333333334,1.0396322130627775,8631,2537,6094,2457.0,15
public,Eval2,A5E2_017,matched_prefix,3154,3239,761,1582,896,1.0269499048826887,8631,2537,6094,2468,15
public,Eval2,A5E2_017,matched_suffix,3154,3281,798,1590,893,1.040266328471782,8631,2537,6094,2457,15
public,Eval2,A5E2_017,triggered_segment_abstain,3154,3246,607,1793,846,1.0291693088142042,8631,2251,6380,2207,15
public,Eval2,A5E2_018,canonical_guard_keep2,4144,4573,1131,1439,2003,1.103523166023166,12255,4965,7290,4708,23
public,Eval2,A5E2_018,keep_repeats_0,4144,4452,1120,1451,1881,1.0743243243243243,12255,4807,7448,4574,23
public,Eval2,A5E2_018,keep_repeats_1,4144,4512,1125,1445,1942,1.0888030888030888,12255,4886,7369,4641,23
public,Eval2,A5E2_018,keep_repeats_2,4144,4573,1131,1439,2003,1.103523166023166,12255,4965,7290,4708,23
public,Eval2,A5E2_018,keep_repeats_3,4144,4633,1136,1433,2064,1.1180019305019304,12255,5044,7211,4775,23
public,Eval2,A5E2_018,matched_hash_delete_seed_a,4144,4607,1195,1440,1972,1.1117277992277992,12255,4965,7290,4676,21
public,Eval2,A5E2_018,matched_hash_delete_seed_b,4144,4621,1196,1439,1986,1.1151061776061777,12255,4965,7290,4691,21
public,Eval2,A5E2_018,matched_hash_delete_seed_c,4144,4616,1193,1439,1984,1.113899613899614,12255,4965,7290,4689,21
public,Eval2,A5E2_018,matched_hash_delete_seed_mean,4144,4614.666666666667,1194.6666666666667,1439.3333333333333,1980.6666666666667,1.1135778635778637,12255,4965,7290,4685.333333333333,21
public,Eval2,A5E2_018,matched_prefix,4144,4579,1132,1438,2009,1.1049710424710424,12255,4965,7290,4715,21
public,Eval2,A5E2_018,matched_suffix,4144,4616,1209,1438,1969,1.113899613899614,12255,4965,7290,4675,21
public,Eval2,A5E2_018,triggered_segment_abstain,4144,3791,1114,1544,1133,0.9148166023166023,12255,3799,8456,3733,21
