source,split,candidate,comparator,canonical_guard_cpcer,comparator_cpcer,micro_cpcer_delta_guard_minus_comparator,bootstrap_95ci_low,bootstrap_95ci_high,guard_wins,ties,guard_losses,directional_guard_win,bootstrap_upper_below_zero
learned,Eval1,canonical_guard_keep2,keep_repeats_0,1.038923741241649,1.0211626201727229,0.017761121068926185,0.014325487666487164,0.02133654367820739,0,0,18,False,False
learned,Eval1,canonical_guard_keep2,keep_repeats_1,1.038923741241649,1.0297376568355874,0.009186084406061593,0.00745196310824604,0.0109736723359565,0,0,18,False,False
learned,Eval1,canonical_guard_keep2,keep_repeats_2,1.038923741241649,1.038923741241649,0.0,0.0,0.0,0,18,0,False,False
learned,Eval1,canonical_guard_keep2,keep_repeats_3,1.038923741241649,1.0482116669382435,-0.009287925696594427,-0.011096630558720563,-0.00750202252728322,18,0,0,True,True
learned,Eval1,canonical_guard_keep2,matched_hash_delete_seed_a,1.038923741241649,1.0512261691380154,-0.012302427896366304,-0.01683746642779595,-0.008711246739087316,18,0,0,True,True
learned,Eval1,canonical_guard_keep2,matched_hash_delete_seed_b,1.038923741241649,1.0512058008799088,-0.012282059638259736,-0.01659686996883296,-0.008972467751314623,18,0,0,True,True
learned,Eval1,canonical_guard_keep2,matched_hash_delete_seed_c,1.038923741241649,1.051715007332573,-0.012791266090923905,-0.01771643391593841,-0.0089771289749382,18,0,0,True,True
learned,Eval1,canonical_guard_keep2,matched_hash_delete_seed_mean,1.038923741241649,1.051382325783499,-0.012458584541849992,-0.017041214387371162,-0.008909240822930467,18,0,0,True,True
learned,Eval1,canonical_guard_keep2,matched_prefix,1.038923741241649,1.0392496333713541,-0.00032589212970506764,-0.0006950482158775216,-9.933406449319996e-05,8,10,0,True,True
learned,Eval1,canonical_guard_keep2,matched_suffix,1.038923741241649,1.0522649503014503,-0.013341209059801205,-0.01831193495225278,-0.009446871390527191,18,0,0,True,True
learned,Eval1,canonical_guard_keep2,triggered_segment_abstain,1.038923741241649,0.9698549780022813,0.06906876323936777,0.04806007894777279,0.09213443585944402,0,0,18,False,False
learned,Eval2,canonical_guard_keep2,keep_repeats_0,1.0304397386292485,1.0152840881724918,0.015155650456756627,0.010101347904259976,0.020284041101565894,1,0,17,False,False
learned,Eval2,canonical_guard_keep2,keep_repeats_1,1.0304397386292485,1.0221876153932603,0.008252123235988248,0.005712482913737129,0.010837511416449007,1,0,17,False,False
learned,Eval2,canonical_guard_keep2,keep_repeats_2,1.0304397386292485,1.0304397386292485,0.0,0.0,0.0,0,18,0,False,False
learned,Eval2,canonical_guard_keep2,keep_repeats_3,1.0304397386292485,1.0390771750124423,-0.008637436383193925,-0.011167345178501181,-0.006052536595207815,18,0,0,True,True
learned,Eval2,canonical_guard_keep2,matched_hash_delete_seed_a,1.0304397386292485,1.0477306661101031,-0.017290927480854753,-0.021696537287756137,-0.012750921216162435,18,0,0,True,True
learned,Eval2,canonical_guard_keep2,matched_hash_delete_seed_b,1.0304397386292485,1.0475701189654343,-0.017130380336185722,-0.021546006131658725,-0.012404830949322947,17,0,1,True,True
learned,Eval2,canonical_guard_keep2,matched_hash_delete_seed_c,1.0304397386292485,1.0474898453930996,-0.017050106763851203,-0.02137349885085113,-0.012454734148842404,17,0,1,True,True
learned,Eval2,canonical_guard_keep2,matched_hash_delete_seed_mean,1.0304397386292485,1.0475968768228792,-0.01715713819363056,-0.021532196522213557,-0.01254793953256691,17,0,1,True,True
learned,Eval2,canonical_guard_keep2,matched_prefix,1.0304397386292485,1.030664504631785,-0.00022476600253664488,-0.0003667101736957675,-7.880341738947561e-05,11,4,3,True,True
learned,Eval2,canonical_guard_keep2,matched_suffix,1.0304397386292485,1.0496251224171977,-0.01918538378794933,-0.024566827376133953,-0.013701542278685976,17,0,1,True,True
learned,Eval2,canonical_guard_keep2,triggered_segment_abstain,1.0304397386292485,0.9717918666816511,0.058647871947597414,0.027895684517031283,0.09089490196981877,3,0,15,False,False
public,Eval1,canonical_guard_keep2,keep_repeats_0,1.0708204334365325,1.053874042691869,0.016946390744663517,0.012806070923321738,0.021376218855522915,0,0,18,False,False
public,Eval1,canonical_guard_keep2,keep_repeats_1,1.0708204334365325,1.0620417141926022,0.008778719243930259,0.006749296459678211,0.010958595702052518,0,0,18,False,False
public,Eval1,canonical_guard_keep2,keep_repeats_2,1.0708204334365325,1.0708204334365325,0.0,0.0,0.0,0,18,0,False,False
public,Eval1,canonical_guard_keep2,keep_repeats_3,1.0708204334365325,1.079965781326381,-0.00914534788984846,-0.011353057124762131,-0.007124678308123713,18,0,0,True,True
public,Eval1,canonical_guard_keep2,matched_hash_delete_seed_a,1.0708204334365325,1.0814526641681603,-0.01063223073162783,-0.014489052811148456,-0.007058265172914786,17,0,1,True,True
public,Eval1,canonical_guard_keep2,matched_hash_delete_seed_b,1.0708204334365325,1.0815748737167998,-0.010754440280267232,-0.014577071897332112,-0.007279782037289884,18,0,0,True,True
public,Eval1,canonical_guard_keep2,matched_hash_delete_seed_c,1.0708204334365325,1.0814526641681603,-0.01063223073162783,-0.014540541530888419,-0.007027096665350778,17,0,1,True,True
public,Eval1,canonical_guard_keep2,matched_hash_delete_seed_mean,1.0708204334365325,1.0814934006843735,-0.010672967247840996,-0.014487368542904682,-0.007133094799017798,18,0,0,True,True
public,Eval1,canonical_guard_keep2,matched_prefix,1.0708204334365325,1.070983379501385,-0.00016294606485253382,-0.00036673274678870134,1.8243248183323947e-05,6,11,1,True,False
public,Eval1,canonical_guard_keep2,matched_suffix,1.0708204334365325,1.0818396610721852,-0.0110192276356526,-0.01527331251854893,-0.00712640424741471,17,0,1,True,True
public,Eval1,canonical_guard_keep2,triggered_segment_abstain,1.0708204334365325,1.0113451197653576,0.05947531367117484,0.04004030512501249,0.07881571379199313,1,0,17,False,False
public,Eval2,canonical_guard_keep2,keep_repeats_0,1.0168413954757816,1.0003371490038049,0.016504246471976496,0.012671993476794709,0.020461379571953868,0,0,18,False,False
public,Eval2,canonical_guard_keep2,keep_repeats_1,1.0168413954757816,1.008284232664922,0.00855716281085941,0.0066566994538331615,0.010547506533952205,0,0,18,False,False
public,Eval2,canonical_guard_keep2,keep_repeats_2,1.0168413954757816,1.0168413954757816,0.0,0.0,0.0,0,18,0,False,False
public,Eval2,canonical_guard_keep2,keep_repeats_3,1.0168413954757816,1.025398558286641,-0.00855716281085941,-0.010447478713612231,-0.006672851036925203,18,0,0,True,True
public,Eval2,canonical_guard_keep2,matched_hash_delete_seed_a,1.0168413954757816,1.0282241880328158,-0.011382792557034373,-0.01508063147512927,-0.00781874949155743,18,0,0,True,True
public,Eval2,canonical_guard_keep2,matched_hash_delete_seed_b,1.0168413954757816,1.0285934464655546,-0.011752050989773147,-0.015529929902467687,-0.008077522940740307,17,0,1,True,True
public,Eval2,canonical_guard_keep2,matched_hash_delete_seed_c,1.0168413954757816,1.028545282322154,-0.011703886846372438,-0.015388850741548922,-0.008179601777722888,16,2,0,True,True
public,Eval2,canonical_guard_keep2,matched_hash_delete_seed_mean,1.0168413954757816,1.0284543056068416,-0.01161291013106001,-0.015295584650618269,-0.008041724412928471,18,0,0,True,True
public,Eval2,canonical_guard_keep2,matched_prefix,1.0168413954757816,1.0171303803361857,-0.0002889848604042577,-0.0004946918490022675,-0.00012894818200612904,10,8,0,True,True
public,Eval2,canonical_guard_keep2,matched_suffix,1.0168413954757816,1.0296370029059032,-0.012795607430121855,-0.017531016844782983,-0.008277507486984992,18,0,0,True,True
public,Eval2,canonical_guard_keep2,triggered_segment_abstain,1.0168413954757816,0.9528633583251722,0.06397803715060928,0.04304739230808948,0.08768528670927947,2,0,16,False,False
