analysis_status,corpus,stratum,source,arm,system,recordings,assignment_view,matched_characters,reference_characters,hypothesis_characters,substitutions,deletions,insertions,errors,micro_cpcer,alignment_matched_reference_rate,alignment_matched_hypothesis_rate
SUPPORTIVE_POST_PRIMARY_READ_ONLY,aishell5,Eval1,learned,raw448,raw_cfg_low_packet_gated,18,own_minimum_cpcer_assignment,14071,49096,130858,30267,4758,86520,121545,2.4756599315626526,0.2866017598175004,0.10752877164560057
SUPPORTIVE_POST_PRIMARY_READ_ONLY,aishell5,Eval1,learned,guard448,guarded_cfg_low_packet_gated,18,own_minimum_cpcer_assignment,17468,49096,50033,13186,18442,19379,51007,1.038923741241649,0.3557927326055076,0.34912957448084264
SUPPORTIVE_POST_PRIMARY_READ_ONLY,aishell5,Eval1,learned,cap224,control_cap224_cfg_low_packet_gated,18,own_minimum_cpcer_assignment,15247,49096,86387,26110,7739,45030,78879,1.6066278311878768,0.3105548313508229,0.1764964635882714
SUPPORTIVE_POST_PRIMARY_READ_ONLY,aishell5,Eval1,learned,cap224_guard,control_cap224_guarded_cfg_low_packet_gated,18,own_minimum_cpcer_assignment,17469,49096,48460,12905,18722,18086,49713,1.0125672152517518,0.3558131008636141,0.36048287247214195
SUPPORTIVE_POST_PRIMARY_READ_ONLY,aishell5,Eval1,learned,cap224_fallback,control_cap224_fallback_cfg_low_packet_gated,18,own_minimum_cpcer_assignment,17276,49096,51708,15333,16487,19099,50919,1.037131334528271,0.35188202704904675,0.3341069080219695
SUPPORTIVE_POST_PRIMARY_READ_ONLY,aishell5,Eval1,learned,cap224_fallback_guard,control_cap224_fallback_guarded_cfg_low_packet_gated,18,own_minimum_cpcer_assignment,17256,49096,51339,15265,16575,18818,50658,1.0318152191624572,0.35147466188691545,0.33611874013907556
SUPPORTIVE_POST_PRIMARY_READ_ONLY,aishell5,Eval1,learned,cap224_compression_abstention,control_cap224_cr24_abstain_cfg_low_packet_gated,18,own_minimum_cpcer_assignment,16398,49096,40665,11358,21340,12909,45607,0.9289351474661887,0.33399869643148117,0.4032460346735522
SUPPORTIVE_POST_PRIMARY_READ_ONLY,aishell5,Eval1,public,raw448,raw_public_sortformer_v2_low_packet_gated,18,own_minimum_cpcer_assignment,13728,49096,133174,30876,4492,88570,123938,2.524401173211667,0.27961544728694804,0.10308318440536442
SUPPORTIVE_POST_PRIMARY_READ_ONLY,aishell5,Eval1,public,guard448,guarded_public_sortformer_v2_low_packet_gated,18,own_minimum_cpcer_assignment,17040,49096,52312,14755,17301,20517,52573,1.0708204334365325,0.34707511813589703,0.3257378804098486
SUPPORTIVE_POST_PRIMARY_READ_ONLY,aishell5,Eval1,public,cap224,control_cap224_public_sortformer_v2_low_packet_gated,18,own_minimum_cpcer_assignment,13954,49096,88837,28699,6443,46184,81326,1.6564689587746455,0.2842186736190321,0.1570741920596148
SUPPORTIVE_POST_PRIMARY_READ_ONLY,aishell5,Eval1,public,cap224_guard,control_cap224_guarded_public_sortformer_v2_low_packet_gated,18,own_minimum_cpcer_assignment,17089,49096,50774,13850,18157,19835,51842,1.0559312367606322,0.3480731627831188,0.3365698979792807
SUPPORTIVE_POST_PRIMARY_READ_ONLY,aishell5,Eval1,public,cap224_fallback,control_cap224_fallback_public_sortformer_v2_low_packet_gated,18,own_minimum_cpcer_assignment,16862,49096,52494,15185,17049,20447,52681,1.0730202053120417,0.34344956819292816,0.32121766297100623
SUPPORTIVE_POST_PRIMARY_READ_ONLY,aishell5,Eval1,public,cap224_fallback_guard,control_cap224_fallback_guarded_public_sortformer_v2_low_packet_gated,18,own_minimum_cpcer_assignment,16857,49096,52216,15147,17092,20212,52451,1.0683355059475315,0.3433477269023953,0.32283208212042286
SUPPORTIVE_POST_PRIMARY_READ_ONLY,aishell5,Eval1,public,cap224_compression_abstention,control_cap224_cr24_abstain_public_sortformer_v2_low_packet_gated,18,own_minimum_cpcer_assignment,16248,49096,43698,11714,21134,15736,48584,0.9895714518494378,0.33094345771549616,0.37182479747356856
SUPPORTIVE_POST_PRIMARY_READ_ONLY,aishell5,Eval2,learned,raw448,raw_cfg_low_packet_gated,18,own_minimum_cpcer_assignment,11833,62287,163729,46632,3822,105264,155718,2.5000080273572336,0.18997543628686564,0.07227186387261877
SUPPORTIVE_POST_PRIMARY_READ_ONLY,aishell5,Eval2,learned,guard448,guarded_cfg_low_packet_gated,18,own_minimum_cpcer_assignment,15198,62287,50902,18610,28479,17094,64183,1.0304397386292485,0.24399955046799493,0.2985737299123806
SUPPORTIVE_POST_PRIMARY_READ_ONLY,aishell5,Eval2,learned,cap224,control_cap224_cfg_low_packet_gated,18,own_minimum_cpcer_assignment,13656,62287,102659,38133,10498,50870,99501,1.5974601441713359,0.2192431807600302,0.1330229205427678
SUPPORTIVE_POST_PRIMARY_READ_ONLY,aishell5,Eval2,learned,cap224_guard,control_cap224_guarded_cfg_low_packet_gated,18,own_minimum_cpcer_assignment,16073,62287,49764,16770,29444,16921,63135,1.013614397867934,0.2580474256265352,0.32298448677759023
SUPPORTIVE_POST_PRIMARY_READ_ONLY,aishell5,Eval2,learned,cap224_fallback,control_cap224_fallback_cfg_low_packet_gated,18,own_minimum_cpcer_assignment,16864,62287,52766,17803,27620,18099,63522,1.0198275723666255,0.2707467047698557,0.31959974225827237
SUPPORTIVE_POST_PRIMARY_READ_ONLY,aishell5,Eval2,learned,cap224_fallback_guard,control_cap224_fallback_guarded_cfg_low_packet_gated,18,own_minimum_cpcer_assignment,16882,62287,51854,17074,28331,17898,63303,1.0163115898983737,0.2710356896302599,0.32556794075674006
SUPPORTIVE_POST_PRIMARY_READ_ONLY,aishell5,Eval2,learned,cap224_compression_abstention,control_cap224_cr24_abstain_cfg_low_packet_gated,18,own_minimum_cpcer_assignment,14823,62287,40200,13672,33792,11705,59169,0.9499414002921958,0.23797903254290623,0.3687313432835821
SUPPORTIVE_POST_PRIMARY_READ_ONLY,aishell5,Eval2,public,raw448,raw_public_sortformer_v2_low_packet_gated,18,own_minimum_cpcer_assignment,12955,62287,158144,43529,5803,101660,150992,2.424133446786649,0.20798882591873102,0.08191901052205584
SUPPORTIVE_POST_PRIMARY_READ_ONLY,aishell5,Eval2,public,guard448,guarded_public_sortformer_v2_low_packet_gated,18,own_minimum_cpcer_assignment,16549,62287,50560,16413,29325,17598,63336,1.0168413954757816,0.2656894697127812,0.327314082278481
SUPPORTIVE_POST_PRIMARY_READ_ONLY,aishell5,Eval2,public,cap224,control_cap224_public_sortformer_v2_low_packet_gated,18,own_minimum_cpcer_assignment,13857,62287,100433,37200,11230,49376,97806,1.570247403149935,0.22247017836787772,0.13797257873408142
SUPPORTIVE_POST_PRIMARY_READ_ONLY,aishell5,Eval2,public,cap224_guard,control_cap224_guarded_public_sortformer_v2_low_packet_gated,18,own_minimum_cpcer_assignment,16556,62287,49752,16326,29405,16870,62601,1.0050411803426076,0.2658018527140495,0.3327705418877633
SUPPORTIVE_POST_PRIMARY_READ_ONLY,aishell5,Eval2,public,cap224_fallback,control_cap224_fallback_public_sortformer_v2_low_packet_gated,18,own_minimum_cpcer_assignment,17196,62287,54998,18868,26223,18934,64025,1.0279030937434779,0.2760768699728675,0.31266591512418634
SUPPORTIVE_POST_PRIMARY_READ_ONLY,aishell5,Eval2,public,cap224_fallback_guard,control_cap224_fallback_guarded_public_sortformer_v2_low_packet_gated,18,own_minimum_cpcer_assignment,17175,62287,53862,18225,26887,18462,63574,1.0206624175189045,0.2757397209690626,0.31887044669711484
SUPPORTIVE_POST_PRIMARY_READ_ONLY,aishell5,Eval2,public,cap224_compression_abstention,control_cap224_cr24_abstain_public_sortformer_v2_low_packet_gated,18,own_minimum_cpcer_assignment,15313,62287,41026,13893,33081,11820,58794,0.9439208823671071,0.2458458426316888,0.3732511090527958
SUPPORTIVE_POST_PRIMARY_READ_ONLY,aishell5,pooled,learned,raw448,raw_cfg_low_packet_gated,36,own_minimum_cpcer_assignment,25904,111383,294587,76899,8580,191784,277263,2.489275742258693,0.23256690877422945,0.08793327607803467
SUPPORTIVE_POST_PRIMARY_READ_ONLY,aishell5,pooled,learned,guard448,guarded_cfg_low_packet_gated,36,own_minimum_cpcer_assignment,32666,111383,100935,31796,46921,36473,115190,1.034179363098498,0.2932763527647846,0.3236340218952791
SUPPORTIVE_POST_PRIMARY_READ_ONLY,aishell5,pooled,learned,cap224,control_cap224_cfg_low_packet_gated,36,own_minimum_cpcer_assignment,28903,111383,189046,64243,18237,95900,178380,1.6015011267428603,0.2594920230196709,0.15288871491594638
SUPPORTIVE_POST_PRIMARY_READ_ONLY,aishell5,pooled,learned,cap224_guard,control_cap224_guarded_cfg_low_packet_gated,36,own_minimum_cpcer_assignment,33542,111383,98224,29675,48166,35007,112848,1.0131528150615443,0.30114110770943503,0.34148476950643425
SUPPORTIVE_POST_PRIMARY_READ_ONLY,aishell5,pooled,learned,cap224_fallback,control_cap224_fallback_cfg_low_packet_gated,36,own_minimum_cpcer_assignment,34140,111383,104474,33136,44107,37198,114441,1.0274548180602068,0.30650997010315756,0.32677986867545994
SUPPORTIVE_POST_PRIMARY_READ_ONLY,aishell5,pooled,learned,cap224_fallback_guard,control_cap224_fallback_guarded_cfg_low_packet_gated,36,own_minimum_cpcer_assignment,34138,111383,103193,32339,44906,36716,113961,1.0231453632960146,0.3064920140416401,0.33081701278187475
SUPPORTIVE_POST_PRIMARY_READ_ONLY,aishell5,pooled,learned,cap224_compression_abstention,control_cap224_cr24_abstain_cfg_low_packet_gated,36,own_minimum_cpcer_assignment,31221,111383,80865,25030,55132,24614,104776,0.9406821507770485,0.2803030983184148,0.3860879243183083
SUPPORTIVE_POST_PRIMARY_READ_ONLY,aishell5,pooled,public,raw448,raw_public_sortformer_v2_low_packet_gated,36,own_minimum_cpcer_assignment,26683,111383,291318,74405,10295,190230,274930,2.468329996498568,0.23956079473528277,0.09159406559155288
SUPPORTIVE_POST_PRIMARY_READ_ONLY,aishell5,pooled,public,guard448,guarded_public_sortformer_v2_low_packet_gated,36,own_minimum_cpcer_assignment,33589,111383,102872,31168,46626,38115,115909,1.0406345672140274,0.3015630751550955,0.3265125592969904
SUPPORTIVE_POST_PRIMARY_READ_ONLY,aishell5,pooled,public,cap224,control_cap224_public_sortformer_v2_low_packet_gated,36,own_minimum_cpcer_assignment,27811,111383,189270,65899,17673,95560,179132,1.6082526058734277,0.249688013431134,0.1469382363818883
SUPPORTIVE_POST_PRIMARY_READ_ONLY,aishell5,pooled,public,cap224_guard,control_cap224_guarded_public_sortformer_v2_low_packet_gated,36,own_minimum_cpcer_assignment,33645,111383,100526,30176,47562,36705,114443,1.0274727741217242,0.30206584487758453,0.3346895330561248
SUPPORTIVE_POST_PRIMARY_READ_ONLY,aishell5,pooled,public,cap224_fallback,control_cap224_fallback_public_sortformer_v2_low_packet_gated,36,own_minimum_cpcer_assignment,34058,111383,107492,34053,43272,39381,116706,1.0477900577287378,0.30577377158094143,0.3168421836043612
SUPPORTIVE_POST_PRIMARY_READ_ONLY,aishell5,pooled,public,cap224_fallback_guard,control_cap224_fallback_guarded_public_sortformer_v2_low_packet_gated,36,own_minimum_cpcer_assignment,34032,111383,106078,33372,43979,38674,116025,1.0416760187820404,0.3055403427812144,0.3208205282905032
SUPPORTIVE_POST_PRIMARY_READ_ONLY,aishell5,pooled,public,cap224_compression_abstention,control_cap224_cr24_abstain_public_sortformer_v2_low_packet_gated,36,own_minimum_cpcer_assignment,31561,111383,84724,25607,54215,27556,107378,0.9640429868112728,0.2833556287763842,0.37251546197063407
SUPPORTIVE_POST_PRIMARY_READ_ONLY,misp2022,pooled,learned,raw448,raw_cfg_low_packet_gated,8,own_minimum_cpcer_assignment,10606,46591,125423,33355,2630,81462,117447,2.5208087398853856,0.2276405314331094,0.08456184272422124
SUPPORTIVE_POST_PRIMARY_READ_ONLY,misp2022,pooled,learned,guard448,guarded_cfg_low_packet_gated,8,own_minimum_cpcer_assignment,11367,46591,39604,16268,18956,11969,47193,1.0129209503981456,0.2439741580992037,0.287016462983537
SUPPORTIVE_POST_PRIMARY_READ_ONLY,misp2022,pooled,learned,cap224,control_cap224_cfg_low_packet_gated,8,own_minimum_cpcer_assignment,10410,46591,78246,31385,4796,36451,72632,1.5589276898971904,0.22343371037324805,0.13304194463614755
SUPPORTIVE_POST_PRIMARY_READ_ONLY,misp2022,pooled,learned,cap224_guard,control_cap224_guarded_cfg_low_packet_gated,8,own_minimum_cpcer_assignment,11420,46591,38267,15648,19523,11199,46370,0.9952565946212788,0.24511171685518662,0.29842945618940603
SUPPORTIVE_POST_PRIMARY_READ_ONLY,misp2022,pooled,learned,cap224_fallback,control_cap224_fallback_cfg_low_packet_gated,8,own_minimum_cpcer_assignment,11294,46591,40133,18197,17100,10642,45939,0.9860058809641347,0.2424073318881329,0.2814142974609424
SUPPORTIVE_POST_PRIMARY_READ_ONLY,misp2022,pooled,learned,cap224_fallback_guard,control_cap224_fallback_guarded_cfg_low_packet_gated,8,own_minimum_cpcer_assignment,11273,46591,39424,17715,17603,10436,45754,0.9820351570045717,0.24195660106029063,0.28594257305194803
SUPPORTIVE_POST_PRIMARY_READ_ONLY,misp2022,pooled,learned,cap224_compression_abstention,control_cap224_cr24_abstain_cfg_low_packet_gated,8,own_minimum_cpcer_assignment,10510,46591,29974,12155,23926,7309,43390,0.9312957438131828,0.22558004764868753,0.35063721892306665
SUPPORTIVE_POST_PRIMARY_READ_ONLY,misp2022,pooled,public,raw448,raw_public_sortformer_v2_low_packet_gated,8,own_minimum_cpcer_assignment,11157,46591,122806,32652,2782,78997,114431,2.4560752076581314,0.23946684982078084,0.0908506099050535
SUPPORTIVE_POST_PRIMARY_READ_ONLY,misp2022,pooled,public,guard448,guarded_public_sortformer_v2_low_packet_gated,8,own_minimum_cpcer_assignment,11307,46591,40703,17334,17950,12062,47346,1.0162048464295679,0.24268635573394004,0.2777927916861165
SUPPORTIVE_POST_PRIMARY_READ_ONLY,misp2022,pooled,public,cap224,control_cap224_public_sortformer_v2_low_packet_gated,8,own_minimum_cpcer_assignment,10810,46591,77111,31998,3783,34303,70084,1.504239016118993,0.2320190594750059,0.1401875218840373
SUPPORTIVE_POST_PRIMARY_READ_ONLY,misp2022,pooled,public,cap224_guard,control_cap224_guarded_public_sortformer_v2_low_packet_gated,8,own_minimum_cpcer_assignment,11531,46591,39066,15965,19095,11570,46630,1.0008370715374213,0.24749415123092441,0.29516715302308916
SUPPORTIVE_POST_PRIMARY_READ_ONLY,misp2022,pooled,public,cap224_fallback,control_cap224_fallback_public_sortformer_v2_low_packet_gated,8,own_minimum_cpcer_assignment,11487,46591,39682,16650,18454,11545,46649,1.001244875619755,0.24654976282973107,0.28947633687818153
SUPPORTIVE_POST_PRIMARY_READ_ONLY,misp2022,pooled,public,cap224_fallback_guard,control_cap224_fallback_guarded_public_sortformer_v2_low_packet_gated,8,own_minimum_cpcer_assignment,11595,46591,39479,16289,18707,11595,46591,1.0,0.24886780708720568,0.2937004483396236
SUPPORTIVE_POST_PRIMARY_READ_ONLY,misp2022,pooled,public,cap224_compression_abstention,control_cap224_cr24_abstain_public_sortformer_v2_low_packet_gated,8,own_minimum_cpcer_assignment,10653,46591,30312,11557,24381,8102,44040,0.9452469361035393,0.22864930995256594,0.3514449722882027
