analysis_status,corpus,stratum,source,contrast,contrast_role,comparator_arm,candidate_arm,comparator_system,candidate_system,recordings,assignment_changed_recordings,assignment_view,delta_matched_characters,delta_hypothesis_characters,bootstrap_draws,bootstrap_seed,delta_micro_cpcer,delta_micro_cpcer_ci_low,delta_micro_cpcer_ci_high,delta_micro_cpcer_valid_draws,delta_micro_cpcer_undefined_draws,delta_alignment_matched_reference_rate,delta_alignment_matched_reference_rate_ci_low,delta_alignment_matched_reference_rate_ci_high,delta_alignment_matched_reference_rate_valid_draws,delta_alignment_matched_reference_rate_undefined_draws,delta_alignment_matched_hypothesis_rate,delta_alignment_matched_hypothesis_rate_ci_low,delta_alignment_matched_hypothesis_rate_ci_high,delta_alignment_matched_hypothesis_rate_valid_draws,delta_alignment_matched_hypothesis_rate_undefined_draws
SUPPORTIVE_POST_PRIMARY_READ_ONLY,aishell5,Eval1,learned,guard448_minus_raw448,original_decode_guard_effect,raw448,guard448,raw_cfg_low_packet_gated,guarded_cfg_low_packet_gated,18,8,own_minimum_cpcer_assignments,3397,-80825,50000,4230559555,-1.4367361903210036,-1.6575669008904432,-1.2249028321668665,50000,0,0.06919097278800718,0.04398382580217153,0.09531320734202173,50000,0,0.24160080283524207,0.21110869874185534,0.269696873815827,50000,0
SUPPORTIVE_POST_PRIMARY_READ_ONLY,aishell5,Eval1,learned,guard448_minus_raw448,original_decode_guard_effect,raw448,guard448,raw_cfg_low_packet_gated,guarded_cfg_low_packet_gated,18,8,candidate_fixed_to_comparator_assignment,2619,-80825,50000,2466158442,-1.3993808049535603,-1.623070563353396,-1.1836849364818312,50000,0,0.053344467981098265,0.03334637693332222,0.07466846544534952,50000,0,0.22605106566177655,0.19533095573381626,0.25457954123550836,50000,0
SUPPORTIVE_POST_PRIMARY_READ_ONLY,aishell5,Eval1,learned,cap224_minus_raw448,decoder_cap_stage,raw448,cap224,raw_cfg_low_packet_gated,control_cap224_cfg_low_packet_gated,18,5,own_minimum_cpcer_assignments,1176,-44471,50000,25395866,-0.8690321003747759,-1.004372305393271,-0.7420854013607973,50000,0,0.02395307153332249,0.008653973623220785,0.040040754453325764,50000,0,0.06896769194267083,0.05520517630959267,0.08119628273764298,50000,0
SUPPORTIVE_POST_PRIMARY_READ_ONLY,aishell5,Eval1,learned,cap224_minus_raw448,decoder_cap_stage,raw448,cap224,raw_cfg_low_packet_gated,control_cap224_cfg_low_packet_gated,18,5,candidate_fixed_to_comparator_assignment,632,-44471,50000,4028173946,-0.8592553364836237,-0.9918160745890585,-0.7336240090375686,50000,0,0.012872739123350185,6.378373439019796e-05,0.02679768143800842,50000,0,0.06267044814441414,0.04787150416132515,0.07580249818770264,50000,0
SUPPORTIVE_POST_PRIMARY_READ_ONLY,aishell5,Eval1,learned,cap224_guard_minus_cap224,guard_after_cap,cap224,cap224_guard,control_cap224_cfg_low_packet_gated,control_cap224_guarded_cfg_low_packet_gated,18,4,own_minimum_cpcer_assignments,2222,-37927,50000,1439223019,-0.594060615936125,-0.6862432916449526,-0.5025019206924533,50000,0,0.045258269512791216,0.02485831151381562,0.06781602239956706,50000,0,0.18398640888387055,0.16045845193494102,0.20945678424072833,50000,0
SUPPORTIVE_POST_PRIMARY_READ_ONLY,aishell5,Eval1,learned,cap224_guard_minus_cap224,guard_after_cap,cap224,cap224_guard,control_cap224_cfg_low_packet_gated,control_cap224_guarded_cfg_low_packet_gated,18,4,candidate_fixed_to_comparator_assignment,2015,-37927,50000,3540284715,-0.5843856933355058,-0.681302629713998,-0.48948554740617084,50000,0,0.041042040084731946,0.02294331483709824,0.0614196607492862,50000,0,0.17971484470723006,0.15763833992539522,0.20406051473949394,50000,0
SUPPORTIVE_POST_PRIMARY_READ_ONLY,aishell5,Eval1,learned,cap224_fallback_minus_cap224,fallback_stage,cap224,cap224_fallback,control_cap224_cfg_low_packet_gated,control_cap224_fallback_cfg_low_packet_gated,18,5,own_minimum_cpcer_assignments,2029,-34679,50000,2671969495,-0.5694964966596057,-0.6571298735833402,-0.49116862167735237,50000,0,0.04132719569822385,0.020928728016242484,0.06456101691967166,50000,0,0.15761044443369812,0.13320800932607796,0.18213187621956595,50000,0
SUPPORTIVE_POST_PRIMARY_READ_ONLY,aishell5,Eval1,learned,cap224_fallback_minus_cap224,fallback_stage,cap224,cap224_fallback,control_cap224_cfg_low_packet_gated,control_cap224_fallback_cfg_low_packet_gated,18,5,candidate_fixed_to_comparator_assignment,1890,-34679,50000,4042638735,-0.5516539025582532,-0.6454415158207077,-0.46552952389304714,50000,0,0.038496007821411105,0.020250664097010655,0.05754277501761338,50000,0,0.15492227239068737,0.13266483314709557,0.17535558541698748,50000,0
SUPPORTIVE_POST_PRIMARY_READ_ONLY,aishell5,Eval1,learned,cap224_fallback_guard_minus_cap224_fallback,residual_guard_after_fallback,cap224_fallback,cap224_fallback_guard,control_cap224_fallback_cfg_low_packet_gated,control_cap224_fallback_guarded_cfg_low_packet_gated,18,0,own_minimum_cpcer_assignments,-20,-369,50000,2941236962,-0.005316115365813889,-0.0130037779215593,0.0,50000,0,-0.00040736516213130125,-0.0013329786129295932,0.0,50000,0,0.0020118321171060383,0.00035384472695938063,0.00405162834101812,50000,0
SUPPORTIVE_POST_PRIMARY_READ_ONLY,aishell5,Eval1,learned,cap224_fallback_guard_minus_cap224_fallback,residual_guard_after_fallback,cap224_fallback,cap224_fallback_guard,control_cap224_fallback_cfg_low_packet_gated,control_cap224_fallback_guarded_cfg_low_packet_gated,18,0,candidate_fixed_to_comparator_assignment,-20,-369,50000,2771781004,-0.005316115365813889,-0.013011639333660157,0.0,50000,0,-0.00040736516213130125,-0.001330439627542941,0.0,50000,0,0.0020118321171060383,0.00036377225296344994,0.004052852306402509,50000,0
SUPPORTIVE_POST_PRIMARY_READ_ONLY,aishell5,Eval1,learned,cap224_fallback_guard_minus_raw448,full_control_stack,raw448,cap224_fallback_guard,raw_cfg_low_packet_gated,control_cap224_fallback_guarded_cfg_low_packet_gated,18,8,own_minimum_cpcer_assignments,3185,-79519,50000,575669750,-1.4438447124001954,-1.6653236152987565,-1.2422692605313854,50000,0,0.06487290206941504,0.037819836768857584,0.09288968628127849,50000,0,0.228589968493475,0.19930921842859736,0.2540260296307382,50000,0
SUPPORTIVE_POST_PRIMARY_READ_ONLY,aishell5,Eval1,learned,cap224_fallback_guard_minus_raw448,full_control_stack,raw448,cap224_fallback_guard,raw_cfg_low_packet_gated,control_cap224_fallback_guarded_cfg_low_packet_gated,18,8,candidate_fixed_to_comparator_assignment,2579,-79519,50000,1639134662,-1.4041062408342837,-1.6310619231519612,-1.1942750022936868,50000,0,0.05252973765683561,0.031726722779145324,0.0730643266134969,50000,0,0.21678607671529468,0.1882527406490133,0.2412036533594625,50000,0
SUPPORTIVE_POST_PRIMARY_READ_ONLY,aishell5,Eval1,learned,cap224_compression_abstention_minus_raw448,deletion_anchor_not_recommended_policy,raw448,cap224_compression_abstention,raw_cfg_low_packet_gated,control_cap224_cr24_abstain_cfg_low_packet_gated,18,8,own_minimum_cpcer_assignments,2327,-90193,50000,1220927126,-1.546724784096464,-1.7780455104665769,-1.3194431301501572,50000,0,0.047396936613980756,0.017994388892738904,0.07682710188004595,50000,0,0.29571726302795165,0.2628499460095577,0.32104111117462175,50000,0
SUPPORTIVE_POST_PRIMARY_READ_ONLY,aishell5,Eval1,learned,cap224_compression_abstention_minus_raw448,deletion_anchor_not_recommended_policy,raw448,cap224_compression_abstention,raw_cfg_low_packet_gated,control_cap224_cr24_abstain_cfg_low_packet_gated,18,8,candidate_fixed_to_comparator_assignment,1442,-90193,50000,2190936691,-1.499898158709467,-1.7477919309569199,-1.261650786922847,50000,0,0.02937102818966919,0.005564397509665554,0.05205220199918096,50000,0,0.2739540760120903,0.23636487578436013,0.30520750192963714,50000,0
SUPPORTIVE_POST_PRIMARY_READ_ONLY,aishell5,Eval1,public,guard448_minus_raw448,original_decode_guard_effect,raw448,guard448,raw_public_sortformer_v2_low_packet_gated,guarded_public_sortformer_v2_low_packet_gated,18,2,own_minimum_cpcer_assignments,3312,-80862,50000,3626666994,-1.4535807397751344,-1.7404963584111885,-1.1782372758993318,50000,0,0.067459670848949,0.04088280251262947,0.09661877745002202,50000,0,0.22265469600448418,0.19003691258502642,0.2531391923195388,50000,0
SUPPORTIVE_POST_PRIMARY_READ_ONLY,aishell5,Eval1,public,guard448_minus_raw448,original_decode_guard_effect,raw448,guard448,raw_public_sortformer_v2_low_packet_gated,guarded_public_sortformer_v2_low_packet_gated,18,2,candidate_fixed_to_comparator_assignment,2690,-80862,50000,895734454,-1.43746944761284,-1.7220553905342673,-1.1640189559259575,50000,0,0.05479061430666449,0.03348336784524633,0.07772594898944934,50000,0,0.21076449872661296,0.17913897593262648,0.24175632052943602,50000,0
SUPPORTIVE_POST_PRIMARY_READ_ONLY,aishell5,Eval1,public,cap224_minus_raw448,decoder_cap_stage,raw448,cap224,raw_public_sortformer_v2_low_packet_gated,control_cap224_public_sortformer_v2_low_packet_gated,18,3,own_minimum_cpcer_assignments,226,-44337,50000,248957030,-0.8679322144370214,-1.035535778475296,-0.7066055385239567,50000,0,0.004603226332084043,-0.012955820920777789,0.024228494734593212,50000,0,0.05399100765425037,0.04067945521711594,0.06652036930948937,50000,0
SUPPORTIVE_POST_PRIMARY_READ_ONLY,aishell5,Eval1,public,cap224_minus_raw448,decoder_cap_stage,raw448,cap224,raw_public_sortformer_v2_low_packet_gated,control_cap224_public_sortformer_v2_low_packet_gated,18,3,candidate_fixed_to_comparator_assignment,442,-44337,50000,50828821,-0.8619643148117972,-1.028060795913773,-0.7016220839394564,50000,0,0.009002770083102463,-0.009302795178961829,0.028892919126911318,50000,0,0.05642242699529072,0.043198738304446246,0.06865461893283394,50000,0
SUPPORTIVE_POST_PRIMARY_READ_ONLY,aishell5,Eval1,public,cap224_guard_minus_cap224,guard_after_cap,cap224,cap224_guard,control_cap224_public_sortformer_v2_low_packet_gated,control_cap224_guarded_public_sortformer_v2_low_packet_gated,18,4,own_minimum_cpcer_assignments,3135,-38063,50000,1943300078,-0.6005377220140133,-0.7259209945127888,-0.4774564117388995,50000,0,0.0638544891640867,0.03636899511477372,0.09463908045006338,50000,0,0.17949570591966593,0.1489138444940567,0.21116293959547838,50000,0
SUPPORTIVE_POST_PRIMARY_READ_ONLY,aishell5,Eval1,public,cap224_guard_minus_cap224,guard_after_cap,cap224,cap224_guard,control_cap224_public_sortformer_v2_low_packet_gated,control_cap224_guarded_public_sortformer_v2_low_packet_gated,18,4,candidate_fixed_to_comparator_assignment,2269,-38063,50000,2971220404,-0.5731016783444678,-0.6957216891083222,-0.457454607301541,50000,0,0.04621557764379991,0.028358762792553376,0.06596778482232486,50000,0,0.16243973238990664,0.13698973913802487,0.1901112853322365,50000,0
SUPPORTIVE_POST_PRIMARY_READ_ONLY,aishell5,Eval1,public,cap224_fallback_minus_cap224,fallback_stage,cap224,cap224_fallback,control_cap224_public_sortformer_v2_low_packet_gated,control_cap224_fallback_public_sortformer_v2_low_packet_gated,18,6,own_minimum_cpcer_assignments,2908,-36343,50000,69679653,-0.5834487534626038,-0.70588141914144,-0.46918805197290464,50000,0,0.059230894573896076,0.03438463611873431,0.08369891409936164,50000,0,0.16414347091139145,0.13623714924758218,0.19463866196795127,50000,0
SUPPORTIVE_POST_PRIMARY_READ_ONLY,aishell5,Eval1,public,cap224_fallback_minus_cap224,fallback_stage,cap224,cap224_fallback,control_cap224_public_sortformer_v2_low_packet_gated,control_cap224_fallback_public_sortformer_v2_low_packet_gated,18,6,candidate_fixed_to_comparator_assignment,2546,-36343,50000,156669792,-0.5590883167671501,-0.6826248746907265,-0.44436977593516935,50000,0,0.05185758513931893,0.03195240388089538,0.07452956322629391,50000,0,0.1572474446988719,0.13007692550234062,0.1891278590403716,50000,0
SUPPORTIVE_POST_PRIMARY_READ_ONLY,aishell5,Eval1,public,cap224_fallback_guard_minus_cap224_fallback,residual_guard_after_fallback,cap224_fallback,cap224_fallback_guard,control_cap224_fallback_public_sortformer_v2_low_packet_gated,control_cap224_fallback_guarded_public_sortformer_v2_low_packet_gated,18,1,own_minimum_cpcer_assignments,-5,-278,50000,1054781264,-0.004684699364510214,-0.010616865632781886,0.0,50000,0,-0.00010184129053286695,-0.001184565116643857,0.0008091741083702713,50000,0,0.0016144191494166238,0.0,0.003465905834560687,50000,0
SUPPORTIVE_POST_PRIMARY_READ_ONLY,aishell5,Eval1,public,cap224_fallback_guard_minus_cap224_fallback,residual_guard_after_fallback,cap224_fallback,cap224_fallback_guard,control_cap224_fallback_public_sortformer_v2_low_packet_gated,control_cap224_fallback_guarded_public_sortformer_v2_low_packet_gated,18,1,candidate_fixed_to_comparator_assignment,-1,-278,50000,1477990203,-0.004032915105100177,-0.009794728359753068,0.0,50000,0,-2.036825810658449e-05,-0.001181424279957978,0.0010465216767154748,50000,0,0.0016910240214864647,0.0,0.00361106505697539,50000,0
SUPPORTIVE_POST_PRIMARY_READ_ONLY,aishell5,Eval1,public,cap224_fallback_guard_minus_raw448,full_control_stack,raw448,cap224_fallback_guard,raw_public_sortformer_v2_low_packet_gated,control_cap224_fallback_guarded_public_sortformer_v2_low_packet_gated,18,5,own_minimum_cpcer_assignments,3129,-80958,50000,133916653,-1.4560656672641354,-1.7395955740415123,-1.1794435695538055,50000,0,0.06373227961544725,0.03958060350279304,0.08892270020041476,50000,0,0.21974889771505846,0.1927107055618722,0.2505857934403372,50000,0
SUPPORTIVE_POST_PRIMARY_READ_ONLY,aishell5,Eval1,public,cap224_fallback_guard_minus_raw448,full_control_stack,raw448,cap224_fallback_guard,raw_public_sortformer_v2_low_packet_gated,control_cap224_fallback_guarded_public_sortformer_v2_low_packet_gated,18,5,candidate_fixed_to_comparator_assignment,2934,-80958,50000,4196147965,-1.4385897018087013,-1.7266577518741733,-1.1639254600603215,50000,0,0.05976046928466677,0.03548233244208561,0.08518613374543609,50000,0,0.21601441020165263,0.18594993937325938,0.2481483551954408,50000,0
SUPPORTIVE_POST_PRIMARY_READ_ONLY,aishell5,Eval1,public,cap224_compression_abstention_minus_raw448,deletion_anchor_not_recommended_policy,raw448,cap224_compression_abstention,raw_public_sortformer_v2_low_packet_gated,control_cap224_cr24_abstain_public_sortformer_v2_low_packet_gated,18,5,own_minimum_cpcer_assignments,2520,-89476,50000,1215884915,-1.534829721362229,-1.8343137864848527,-1.241114902198299,50000,0,0.05132801042854812,0.024166254386210412,0.0810454873481125,50000,0,0.26874161306820415,0.24070623525776,0.29827646975473826,50000,0
SUPPORTIVE_POST_PRIMARY_READ_ONLY,aishell5,Eval1,public,cap224_compression_abstention_minus_raw448,deletion_anchor_not_recommended_policy,raw448,cap224_compression_abstention,raw_public_sortformer_v2_low_packet_gated,control_cap224_cr24_abstain_public_sortformer_v2_low_packet_gated,18,5,candidate_fixed_to_comparator_assignment,1740,-89476,50000,4063148780,-1.4988390092879256,-1.791381889933709,-1.2144098907957992,50000,0,0.035440769105426095,0.012897599325816717,0.05842520918011237,50000,0,0.25089182589258974,0.21668315811568128,0.28616225778353716,50000,0
SUPPORTIVE_POST_PRIMARY_READ_ONLY,aishell5,Eval2,learned,guard448_minus_raw448,original_decode_guard_effect,raw448,guard448,raw_cfg_low_packet_gated,guarded_cfg_low_packet_gated,18,10,own_minimum_cpcer_assignments,3365,-112827,50000,760712549,-1.469568288727985,-1.6607758187765371,-1.2730402201785387,50000,0,0.05402411418112929,0.016323755741143746,0.08564570024971738,50000,0,0.22630186603976185,0.17136779518301437,0.2710623157866001,50000,0
SUPPORTIVE_POST_PRIMARY_READ_ONLY,aishell5,Eval2,learned,guard448_minus_raw448,original_decode_guard_effect,raw448,guard448,raw_cfg_low_packet_gated,guarded_cfg_low_packet_gated,18,10,candidate_fixed_to_comparator_assignment,1900,-112827,50000,2358173726,-1.4076292003146726,-1.6081131044790347,-1.2008900996321357,50000,0,0.030503957487116096,-0.0019853488328306626,0.05473955145488394,50000,0,0.197521071571961,0.1473893575878561,0.24070207815990338,50000,0
SUPPORTIVE_POST_PRIMARY_READ_ONLY,aishell5,Eval2,learned,cap224_minus_raw448,decoder_cap_stage,raw448,cap224,raw_cfg_low_packet_gated,control_cap224_cfg_low_packet_gated,18,4,own_minimum_cpcer_assignments,1823,-61070,50000,834718009,-0.9025478831858977,-1.0144866710864031,-0.7873486854103202,50000,0,0.029267744473164548,0.010422031214877003,0.050433032034086445,50000,0,0.06075105667014902,0.04923037895139104,0.07213016899784594,50000,0
SUPPORTIVE_POST_PRIMARY_READ_ONLY,aishell5,Eval2,learned,cap224_minus_raw448,decoder_cap_stage,raw448,cap224,raw_cfg_low_packet_gated,control_cap224_cfg_low_packet_gated,18,4,candidate_fixed_to_comparator_assignment,795,-61070,50000,2221214854,-0.8869908648674685,-1.000529772573346,-0.7708247436162653,50000,0,0.012763498001188034,0.001092447931081366,0.02509948414874425,50000,0,0.050737321878265226,0.040918140683029375,0.06045503730383369,50000,0
SUPPORTIVE_POST_PRIMARY_READ_ONLY,aishell5,Eval2,learned,cap224_guard_minus_cap224,guard_after_cap,cap224,cap224_guard,control_cap224_cfg_low_packet_gated,control_cap224_guarded_cfg_low_packet_gated,18,6,own_minimum_cpcer_assignments,2417,-52895,50000,1286032678,-0.5838457463034019,-0.6751904052288791,-0.4896353457640102,50000,0,0.03880424486650502,0.024474404329100898,0.0533860636823428,50000,0,0.18996156623482244,0.16755696043353432,0.21322703912507013,50000,0
SUPPORTIVE_POST_PRIMARY_READ_ONLY,aishell5,Eval2,learned,cap224_guard_minus_cap224,guard_after_cap,cap224,cap224_guard,control_cap224_cfg_low_packet_gated,control_cap224_guarded_cfg_low_packet_gated,18,6,candidate_fixed_to_comparator_assignment,2201,-52895,50000,2654379855,-0.5567774977122031,-0.661004909865418,-0.4505794135911544,50000,0,0.035336426541653976,0.027555568935271738,0.04396520759920755,50000,0,0.18562107913571466,0.16605034153881537,0.20572195017203188,50000,0
SUPPORTIVE_POST_PRIMARY_READ_ONLY,aishell5,Eval2,learned,cap224_fallback_minus_cap224,fallback_stage,cap224,cap224_fallback,control_cap224_cfg_low_packet_gated,control_cap224_fallback_cfg_low_packet_gated,18,7,own_minimum_cpcer_assignments,3208,-49893,50000,2088230450,-0.5776325718047104,-0.6689365764981081,-0.4810252637745467,50000,0,0.051503524009825496,0.035521944568111447,0.06965869116755911,50000,0,0.18657682171550458,0.16729021344673645,0.2066519149507663,50000,0
SUPPORTIVE_POST_PRIMARY_READ_ONLY,aishell5,Eval2,learned,cap224_fallback_minus_cap224,fallback_stage,cap224,cap224_fallback,control_cap224_cfg_low_packet_gated,control_cap224_fallback_cfg_low_packet_gated,18,7,candidate_fixed_to_comparator_assignment,2523,-49893,50000,4185453345,-0.5431149357008684,-0.6476941527725856,-0.4338623708798229,50000,0,0.04050604459999679,0.02888004223116345,0.05290209836075613,50000,0,0.17359497734602422,0.15802457465716135,0.18797378824189886,50000,0
SUPPORTIVE_POST_PRIMARY_READ_ONLY,aishell5,Eval2,learned,cap224_fallback_guard_minus_cap224_fallback,residual_guard_after_fallback,cap224_fallback,cap224_fallback_guard,control_cap224_fallback_cfg_low_packet_gated,control_cap224_fallback_guarded_cfg_low_packet_gated,18,0,own_minimum_cpcer_assignments,18,-912,50000,2611232277,-0.0035159824682517993,-0.005880611668788777,-0.001407332165435537,50000,0,0.00028898486040424,-0.00011364830988711965,0.0008647938115406914,50000,0,0.005968198498467692,0.0022421347171487998,0.010865575403014914,50000,0
SUPPORTIVE_POST_PRIMARY_READ_ONLY,aishell5,Eval2,learned,cap224_fallback_guard_minus_cap224_fallback,residual_guard_after_fallback,cap224_fallback,cap224_fallback_guard,control_cap224_fallback_cfg_low_packet_gated,control_cap224_fallback_guarded_cfg_low_packet_gated,18,0,candidate_fixed_to_comparator_assignment,18,-912,50000,1421209025,-0.0035159824682517993,-0.005872147594593963,-0.0014171231521208803,50000,0,0.00028898486040424,-0.00011338851048438846,0.0008661539720797314,50000,0,0.005968198498467692,0.0022635009144182537,0.01094351970211244,50000,0
SUPPORTIVE_POST_PRIMARY_READ_ONLY,aishell5,Eval2,learned,cap224_fallback_guard_minus_raw448,full_control_stack,raw448,cap224_fallback_guard,raw_cfg_low_packet_gated,control_cap224_fallback_guarded_cfg_low_packet_gated,18,10,own_minimum_cpcer_assignments,5049,-111875,50000,2982692009,-1.48369643745886,-1.6775437022082955,-1.2825764819746457,50000,0,0.08106025334339428,0.058906319863851156,0.10254529988553482,50000,0,0.25329607688412126,0.23006024727211985,0.27369262229377067,50000,0
SUPPORTIVE_POST_PRIMARY_READ_ONLY,aishell5,Eval2,learned,cap224_fallback_guard_minus_raw448,full_control_stack,raw448,cap224_fallback_guard,raw_cfg_low_packet_gated,control_cap224_fallback_guarded_cfg_low_packet_gated,18,10,candidate_fixed_to_comparator_assignment,3185,-111875,50000,1421538523,-1.4281150159744411,-1.6366478399582967,-1.2123011554886103,50000,0,0.051134265577086696,0.033167271454413075,0.06970886537757967,50000,0,0.21734899469181215,0.18639651810801974,0.24516706498680857,50000,0
SUPPORTIVE_POST_PRIMARY_READ_ONLY,aishell5,Eval2,learned,cap224_compression_abstention_minus_raw448,deletion_anchor_not_recommended_policy,raw448,cap224_compression_abstention,raw_cfg_low_packet_gated,control_cap224_cr24_abstain_cfg_low_packet_gated,18,10,own_minimum_cpcer_assignments,2990,-123529,50000,3273800282,-1.5500666270650378,-1.7570551365416869,-1.3329852525212968,50000,0,0.04800359625604059,0.025587739998521448,0.07125981785829778,50000,0,0.2964594794109633,0.26934274895022386,0.32071230500667514,50000,0
SUPPORTIVE_POST_PRIMARY_READ_ONLY,aishell5,Eval2,learned,cap224_compression_abstention_minus_raw448,deletion_anchor_not_recommended_policy,raw448,cap224_compression_abstention,raw_cfg_low_packet_gated,control_cap224_cr24_abstain_cfg_low_packet_gated,18,10,candidate_fixed_to_comparator_assignment,1292,-123529,50000,3885805848,-1.4788479136898551,-1.7006045276889479,-1.2497371716546173,50000,0,0.02074269109123894,0.0035654280731001885,0.0384597695658011,50000,0,0.2542206734408141,0.2154130885274573,0.2889780279866325,50000,0
SUPPORTIVE_POST_PRIMARY_READ_ONLY,aishell5,Eval2,public,guard448_minus_raw448,original_decode_guard_effect,raw448,guard448,raw_public_sortformer_v2_low_packet_gated,guarded_public_sortformer_v2_low_packet_gated,18,9,own_minimum_cpcer_assignments,3594,-107584,50000,2170679187,-1.4072920513108673,-1.6595653291021772,-1.1921081777423008,50000,0,0.057700643794050155,0.03896362398296498,0.07850520365531083,50000,0,0.24539507175642516,0.220757914400552,0.26850484757453147,50000,0
SUPPORTIVE_POST_PRIMARY_READ_ONLY,aishell5,Eval2,public,guard448_minus_raw448,original_decode_guard_effect,raw448,guard448,raw_public_sortformer_v2_low_packet_gated,guarded_public_sortformer_v2_low_packet_gated,18,9,candidate_fixed_to_comparator_assignment,2615,-107584,50000,584285215,-1.3649397145471767,-1.6161282674355184,-1.1554219084578745,50000,0,0.041983078330951884,0.028979905545163196,0.05517421563235885,50000,0,0.22603193884503275,0.20080012149868046,0.24889733532693337,50000,0
SUPPORTIVE_POST_PRIMARY_READ_ONLY,aishell5,Eval2,public,cap224_minus_raw448,decoder_cap_stage,raw448,cap224,raw_public_sortformer_v2_low_packet_gated,control_cap224_public_sortformer_v2_low_packet_gated,18,4,own_minimum_cpcer_assignments,902,-57711,50000,1979328282,-0.8538860436367139,-1.0017549198613358,-0.7243957756159799,50000,0,0.014481352449146695,-0.005546914045520021,0.035780674410064904,50000,0,0.056053568212025576,0.041704132492895826,0.07060726028421199,50000,0
SUPPORTIVE_POST_PRIMARY_READ_ONLY,aishell5,Eval2,public,cap224_minus_raw448,decoder_cap_stage,raw448,cap224,raw_public_sortformer_v2_low_packet_gated,control_cap224_public_sortformer_v2_low_packet_gated,18,4,candidate_fixed_to_comparator_assignment,576,-57711,50000,1022544253,-0.8463884919806701,-0.9958989432063045,-0.7173783337625962,50000,0,0.009247515532936262,-0.007532228425592812,0.02566348371528296,50000,0,0.05280762315412628,0.03994251616991363,0.06603321168239024,50000,0
SUPPORTIVE_POST_PRIMARY_READ_ONLY,aishell5,Eval2,public,cap224_guard_minus_cap224,guard_after_cap,cap224,cap224_guard,control_cap224_public_sortformer_v2_low_packet_gated,control_cap224_guarded_public_sortformer_v2_low_packet_gated,18,7,own_minimum_cpcer_assignments,2699,-50681,50000,1489088109,-0.5652062228073274,-0.675096345176822,-0.47144486007998987,50000,0,0.04333167434617177,0.029464875683352855,0.05807659910719198,50000,0,0.19479796315368186,0.17327972654453266,0.21683497726374787,50000,0
SUPPORTIVE_POST_PRIMARY_READ_ONLY,aishell5,Eval2,public,cap224_guard_minus_cap224,guard_after_cap,cap224,cap224_guard,control_cap224_public_sortformer_v2_low_packet_gated,control_cap224_guarded_public_sortformer_v2_low_packet_gated,18,7,candidate_fixed_to_comparator_assignment,2201,-50681,50000,1548047211,-0.5429704432706663,-0.6547468873224488,-0.4483698658898068,50000,0,0.03533642654165395,0.02316351514379611,0.04943483073936878,50000,0,0.18478831530032924,0.16262867428099095,0.2074978205910964,50000,0
SUPPORTIVE_POST_PRIMARY_READ_ONLY,aishell5,Eval2,public,cap224_fallback_minus_cap224,fallback_stage,cap224,cap224_fallback,control_cap224_public_sortformer_v2_low_packet_gated,control_cap224_fallback_public_sortformer_v2_low_packet_gated,18,6,own_minimum_cpcer_assignments,3339,-45435,50000,2293117476,-0.5423443094064571,-0.6438442968701585,-0.45385137753594357,50000,0,0.05360669160498979,0.03991916630757105,0.0688435604835836,50000,0,0.17469333639010493,0.14901361020991155,0.201755768340215,50000,0
SUPPORTIVE_POST_PRIMARY_READ_ONLY,aishell5,Eval2,public,cap224_fallback_minus_cap224,fallback_stage,cap224,cap224_fallback,control_cap224_public_sortformer_v2_low_packet_gated,control_cap224_fallback_public_sortformer_v2_low_packet_gated,18,6,candidate_fixed_to_comparator_assignment,2952,-45435,50000,3439957994,-0.5153563343875929,-0.6238109410430839,-0.42030706562015113,50000,0,0.04739351710629827,0.03474452596330818,0.06210805284632224,50000,0,0.16765671687666805,0.14125214384380727,0.19512838947493444,50000,0
SUPPORTIVE_POST_PRIMARY_READ_ONLY,aishell5,Eval2,public,cap224_fallback_guard_minus_cap224_fallback,residual_guard_after_fallback,cap224_fallback,cap224_fallback_guard,control_cap224_fallback_public_sortformer_v2_low_packet_gated,control_cap224_fallback_guarded_public_sortformer_v2_low_packet_gated,18,1,own_minimum_cpcer_assignments,-21,-1136,50000,1931855885,-0.007240676224573361,-0.018179240129454998,-0.0009540119639899063,50000,0,-0.0003371490038049374,-0.0021754909351588483,0.0011053000695354712,50000,0,0.0062045315729284956,-0.0001865977588115103,0.01669597030638574,50000,0
SUPPORTIVE_POST_PRIMARY_READ_ONLY,aishell5,Eval2,public,cap224_fallback_guard_minus_cap224_fallback,residual_guard_after_fallback,cap224_fallback,cap224_fallback_guard,control_cap224_fallback_public_sortformer_v2_low_packet_gated,control_cap224_fallback_guarded_public_sortformer_v2_low_packet_gated,18,1,candidate_fixed_to_comparator_assignment,29,-1136,50000,3550785267,-0.007048019650970572,-0.018072214030168437,-0.0007714987451934828,50000,0,0.000465586719540223,0.0,0.0012614916706988333,50000,0,0.007132829816588249,0.0012282663994849189,0.01714181292979232,50000,0
SUPPORTIVE_POST_PRIMARY_READ_ONLY,aishell5,Eval2,public,cap224_fallback_guard_minus_raw448,full_control_stack,raw448,cap224_fallback_guard,raw_public_sortformer_v2_low_packet_gated,control_cap224_fallback_guarded_public_sortformer_v2_low_packet_gated,18,9,own_minimum_cpcer_assignments,4220,-104282,50000,2727893374,-1.4034710292677444,-1.6515929394352529,-1.189780966016302,50000,0,0.06775089505033155,0.04795222895892397,0.08951582348693961,50000,0,0.23695143617505898,0.20849850581634777,0.2636709350241171,50000,0
SUPPORTIVE_POST_PRIMARY_READ_ONLY,aishell5,Eval2,public,cap224_fallback_guard_minus_raw448,full_control_stack,raw448,cap224_fallback_guard,raw_public_sortformer_v2_low_packet_gated,control_cap224_fallback_guarded_public_sortformer_v2_low_packet_gated,18,9,candidate_fixed_to_comparator_assignment,3263,-104282,50000,630868889,-1.3586302117616837,-1.6069586565258813,-1.1494922631127875,50000,0,0.05238653330550519,0.03634927141713904,0.06872585760249394,50000,0,0.2191838077914119,0.18830826476147977,0.24840347598997717,50000,0
SUPPORTIVE_POST_PRIMARY_READ_ONLY,aishell5,Eval2,public,cap224_compression_abstention_minus_raw448,deletion_anchor_not_recommended_policy,raw448,cap224_compression_abstention,raw_public_sortformer_v2_low_packet_gated,control_cap224_cr24_abstain_public_sortformer_v2_low_packet_gated,18,10,own_minimum_cpcer_assignments,2358,-117118,50000,607803798,-1.4802125644195416,-1.7367743088691572,-1.2613210266533943,50000,0,0.03785701671295777,0.018772422759620166,0.05913118474927607,50000,0,0.29133209853073994,0.25944900817532357,0.3198324158556858,50000,0
SUPPORTIVE_POST_PRIMARY_READ_ONLY,aishell5,Eval2,public,cap224_compression_abstention_minus_raw448,deletion_anchor_not_recommended_policy,raw448,cap224_compression_abstention,raw_public_sortformer_v2_low_packet_gated,control_cap224_cr24_abstain_public_sortformer_v2_low_packet_gated,18,10,candidate_fixed_to_comparator_assignment,1302,-117118,50000,1058312763,-1.422303209337422,-1.683818556339933,-1.2036871620045164,50000,0,0.020903238235907978,0.007689566026022996,0.03536150750902311,50000,0,0.26559232375376923,0.2307663825278918,0.2971515387582006,50000,0
SUPPORTIVE_POST_PRIMARY_READ_ONLY,aishell5,pooled,learned,guard448_minus_raw448,original_decode_guard_effect,raw448,guard448,raw_cfg_low_packet_gated,guarded_cfg_low_packet_gated,36,18,own_minimum_cpcer_assignments,6762,-193652,50000,3098910647,-1.455096379160195,-1.6001359618185842,-1.3131539667998213,50000,0,0.06070944399055514,0.037037989792493106,0.08202573955608719,50000,0,0.23570074581724446,0.2025534364497222,0.2630848397308225,50000,0
SUPPORTIVE_POST_PRIMARY_READ_ONLY,aishell5,pooled,learned,guard448_minus_raw448,original_decode_guard_effect,raw448,guard448,raw_cfg_low_packet_gated,guarded_cfg_low_packet_gated,36,18,candidate_fixed_to_comparator_assignment,4519,-193652,50000,2043374686,-1.4039934280814845,-1.5548141356040686,-1.2538737233397617,50000,0,0.04057172099871617,0.02030655465004898,0.057656753146216336,50000,0,0.21347852359502226,0.1815140967094566,0.24054121500316764,50000,0
SUPPORTIVE_POST_PRIMARY_READ_ONLY,aishell5,pooled,learned,cap224_minus_raw448,decoder_cap_stage,raw448,cap224,raw_cfg_low_packet_gated,control_cap224_cfg_low_packet_gated,36,9,own_minimum_cpcer_assignments,2999,-105541,50000,426141425,-0.8877746155158326,-0.9740707820766407,-0.8023286549441608,50000,0,0.026925114245441445,0.014297623456268506,0.040668949674109486,50000,0,0.06495543883791172,0.0558707892254636,0.07374369924910563,50000,0
SUPPORTIVE_POST_PRIMARY_READ_ONLY,aishell5,pooled,learned,cap224_minus_raw448,decoder_cap_stage,raw448,cap224,raw_cfg_low_packet_gated,control_cap224_cfg_low_packet_gated,36,9,candidate_fixed_to_comparator_assignment,1427,-105541,50000,1992150537,-0.874765448946428,-0.9607698760338933,-0.7877446040531662,50000,0,0.012811649892712551,0.003991779824437986,0.021958952096756853,50000,0,0.0566400023832922,0.0476367017494834,0.06530879964766051,50000,0
SUPPORTIVE_POST_PRIMARY_READ_ONLY,aishell5,pooled,learned,cap224_guard_minus_cap224,guard_after_cap,cap224,cap224_guard,control_cap224_cfg_low_packet_gated,control_cap224_guarded_cfg_low_packet_gated,36,10,own_minimum_cpcer_assignments,4639,-90822,50000,1678356718,-0.588348311681316,-0.654627379052392,-0.5220564297393747,50000,0,0.04164908468976414,0.029594604391999447,0.05438384070711389,50000,0,0.18859605459048787,0.17224793427233376,0.20525950496751397,50000,0
SUPPORTIVE_POST_PRIMARY_READ_ONLY,aishell5,pooled,learned,cap224_guard_minus_cap224,guard_after_cap,cap224,cap224_guard,control_cap224_cfg_low_packet_gated,control_cap224_guarded_cfg_low_packet_gated,36,10,candidate_fixed_to_comparator_assignment,4216,-90822,50000,3574003110,-0.5689467872116931,-0.641882365968889,-0.49611949572911584,50000,0,0.03785137767881991,0.028549052409317176,0.04799794152642463,50000,0,0.18428957144991123,0.1694020769988725,0.19969978330876234,50000,0
SUPPORTIVE_POST_PRIMARY_READ_ONLY,aishell5,pooled,learned,cap224_fallback_minus_cap224,fallback_stage,cap224,cap224_fallback,control_cap224_cfg_low_packet_gated,control_cap224_fallback_cfg_low_packet_gated,36,12,own_minimum_cpcer_assignments,5237,-84572,50000,1070896466,-0.5740463086826535,-0.6389644007294215,-0.5097903569360904,50000,0,0.047017947083486666,0.033815329884793896,0.061230730558010635,50000,0,0.17389115375951356,0.15707669349821318,0.19029402670373177,50000,0
SUPPORTIVE_POST_PRIMARY_READ_ONLY,aishell5,pooled,learned,cap224_fallback_minus_cap224,fallback_stage,cap224,cap224_fallback,control_cap224_cfg_low_packet_gated,control_cap224_fallback_cfg_low_packet_gated,36,12,candidate_fixed_to_comparator_assignment,4413,-84572,50000,754190548,-0.5468787876067265,-0.6180996786990751,-0.4745549048337402,50000,0,0.039620049738290364,0.02911099200986963,0.050400436102888094,50000,0,0.16600402394731148,0.15188990908888464,0.1785682707988963,50000,0
SUPPORTIVE_POST_PRIMARY_READ_ONLY,aishell5,pooled,learned,cap224_fallback_guard_minus_cap224_fallback,residual_guard_after_fallback,cap224_fallback,cap224_fallback_guard,control_cap224_fallback_cfg_low_packet_gated,control_cap224_fallback_guarded_cfg_low_packet_gated,36,0,own_minimum_cpcer_assignments,-2,-1281,50000,3580284140,-0.0043094547641922,-0.008035038980128301,-0.0014122013350627957,50000,0,-1.7956061517443445e-05,-0.000525244930073801,0.00040744732826900477,50000,0,0.004037144106414814,0.001864051622506613,0.006672350723419343,50000,0
SUPPORTIVE_POST_PRIMARY_READ_ONLY,aishell5,pooled,learned,cap224_fallback_guard_minus_cap224_fallback,residual_guard_after_fallback,cap224_fallback,cap224_fallback_guard,control_cap224_fallback_cfg_low_packet_gated,control_cap224_fallback_guarded_cfg_low_packet_gated,36,0,candidate_fixed_to_comparator_assignment,-2,-1281,50000,2173837565,-0.0043094547641922,-0.008032693835733962,-0.0014285138879151585,50000,0,-1.7956061517443445e-05,-0.0005155578342067105,0.00040594918354393554,50000,0,0.004037144106414814,0.0018764068038027522,0.006697109052762932,50000,0
SUPPORTIVE_POST_PRIMARY_READ_ONLY,aishell5,pooled,learned,cap224_fallback_guard_minus_raw448,full_control_stack,raw448,cap224_fallback_guard,raw_cfg_low_packet_gated,control_cap224_fallback_guarded_cfg_low_packet_gated,36,18,own_minimum_cpcer_assignments,8234,-191394,50000,1613501943,-1.4661303789626783,-1.6113197714692062,-1.3238188905700063,50000,0,0.07392510526741067,0.05645329588802177,0.09133190062969414,50000,0,0.2428837367038401,0.22373333028820788,0.25998054164712275,50000,0
SUPPORTIVE_POST_PRIMARY_READ_ONLY,aishell5,pooled,learned,cap224_fallback_guard_minus_raw448,full_control_stack,raw448,cap224_fallback_guard,raw_cfg_low_packet_gated,control_cap224_fallback_guarded_cfg_low_packet_gated,36,18,candidate_fixed_to_comparator_assignment,5764,-191394,50000,2291900876,-1.4175322984656544,-1.571768165487162,-1.2644240367150772,50000,0,0.051749369293339204,0.03822192654052497,0.06558934501433503,50000,0,0.21894800462899003,0.19785681936615987,0.23821375114828944,50000,0
SUPPORTIVE_POST_PRIMARY_READ_ONLY,aishell5,pooled,learned,cap224_compression_abstention_minus_raw448,deletion_anchor_not_recommended_policy,raw448,cap224_compression_abstention,raw_cfg_low_packet_gated,control_cap224_cr24_abstain_cfg_low_packet_gated,36,18,own_minimum_cpcer_assignments,5317,-213722,50000,3718582633,-1.5485935914816444,-1.7053258065099026,-1.391589358300239,50000,0,0.047736189544185376,0.029459792610906657,0.06592486131008152,50000,0,0.2981546482402736,0.2774664281142687,0.31570783336527414,50000,0
SUPPORTIVE_POST_PRIMARY_READ_ONLY,aishell5,pooled,learned,cap224_compression_abstention_minus_raw448,deletion_anchor_not_recommended_policy,raw448,cap224_compression_abstention,raw_cfg_low_packet_gated,control_cap224_cr24_abstain_cfg_low_packet_gated,36,18,candidate_fixed_to_comparator_assignment,2734,-213722,50000,1332707102,-1.488126554321575,-1.654891170689288,-1.3221772546231136,50000,0,0.02454593609437708,0.010427677772978159,0.039083577791559666,50000,0,0.2662125224751095,0.23919820930578756,0.29015261563393285,50000,0
SUPPORTIVE_POST_PRIMARY_READ_ONLY,aishell5,pooled,public,guard448_minus_raw448,original_decode_guard_effect,raw448,guard448,raw_public_sortformer_v2_low_packet_gated,guarded_public_sortformer_v2_low_packet_gated,36,11,own_minimum_cpcer_assignments,6906,-188446,50000,2670576031,-1.4276954292845405,-1.61443916527919,-1.2533083610368192,50000,0,0.06200228041981273,0.04598174429483865,0.07927260228569394,50000,0,0.23491849370543755,0.21422835063799534,0.2541775661701696,50000,0
SUPPORTIVE_POST_PRIMARY_READ_ONLY,aishell5,pooled,public,guard448_minus_raw448,original_decode_guard_effect,raw448,guard448,raw_public_sortformer_v2_low_packet_gated,guarded_public_sortformer_v2_low_packet_gated,36,11,candidate_fixed_to_comparator_assignment,5305,-188446,50000,4258868955,-1.3969097618128439,-1.5838244342213654,-1.2252395881109022,50000,0,0.04762845317508055,0.035611597814694425,0.06040319617477012,50000,0,0.21935546392085092,0.19894775120179442,0.23847405423920218,50000,0
SUPPORTIVE_POST_PRIMARY_READ_ONLY,aishell5,pooled,public,cap224_minus_raw448,decoder_cap_stage,raw448,cap224,raw_public_sortformer_v2_low_packet_gated,control_cap224_public_sortformer_v2_low_packet_gated,36,7,own_minimum_cpcer_assignments,1128,-102048,50000,32388788,-0.8600773906251402,-0.9694774495413524,-0.7553756931482756,50000,0,0.010127218695851231,-0.003921271938063005,0.024706125227896277,50000,0,0.05534417079033542,0.04536338926072325,0.06507817121217749,50000,0
SUPPORTIVE_POST_PRIMARY_READ_ONLY,aishell5,pooled,public,cap224_minus_raw448,decoder_cap_stage,raw448,cap224,raw_public_sortformer_v2_low_packet_gated,control_cap224_public_sortformer_v2_low_packet_gated,36,7,candidate_fixed_to_comparator_assignment,1018,-102048,50000,2622711604,-0.8532540872485028,-0.9634535307937859,-0.7498504597291845,50000,0,0.009139635312390565,-0.0032063614029974596,0.02168873567144726,50000,0,0.05476299046593115,0.04561109450031269,0.06374914007868455,50000,0
SUPPORTIVE_POST_PRIMARY_READ_ONLY,aishell5,pooled,public,cap224_guard_minus_cap224,guard_after_cap,cap224,cap224_guard,control_cap224_public_sortformer_v2_low_packet_gated,control_cap224_guarded_public_sortformer_v2_low_packet_gated,36,11,own_minimum_cpcer_assignments,5834,-88744,50000,993016969,-0.5807798317517034,-0.6622458273675385,-0.5045393146558248,50000,0,0.05237783144645053,0.037704834835188134,0.06866174967221651,50000,0,0.1877512966742365,0.16878273408779026,0.20662547675238524,50000,0
SUPPORTIVE_POST_PRIMARY_READ_ONLY,aishell5,pooled,public,cap224_guard_minus_cap224,guard_after_cap,cap224,cap224_guard,control_cap224_public_sortformer_v2_low_packet_gated,control_cap224_guarded_public_sortformer_v2_low_packet_gated,36,11,candidate_fixed_to_comparator_assignment,4470,-88744,50000,1406086656,-0.556251851718844,-0.6386383229364967,-0.4809874450391348,50000,0,0.040131797491538224,0.029426732198438846,0.05189163850144776,50000,0,0.17418266766283647,0.15662178765769605,0.19224960009328107,50000,0
SUPPORTIVE_POST_PRIMARY_READ_ONLY,aishell5,pooled,public,cap224_fallback_minus_cap224,fallback_stage,cap224,cap224_fallback,control_cap224_public_sortformer_v2_low_packet_gated,control_cap224_fallback_public_sortformer_v2_low_packet_gated,36,12,own_minimum_cpcer_assignments,6247,-81778,50000,635994005,-0.5604625481446899,-0.638228102253892,-0.48781710001728823,50000,0,0.05608575814980743,0.04272742743982832,0.07002874435986339,50000,0,0.16990394722247293,0.15089554254300863,0.1903531073748391,50000,0
SUPPORTIVE_POST_PRIMARY_READ_ONLY,aishell5,pooled,public,cap224_fallback_minus_cap224,fallback_stage,cap224,cap224_fallback,control_cap224_public_sortformer_v2_low_packet_gated,control_cap224_fallback_public_sortformer_v2_low_packet_gated,36,12,candidate_fixed_to_comparator_assignment,5498,-81778,50000,2161532785,-0.5346327536518141,-0.6150414523159957,-0.46051495566740885,50000,0,0.049361213111516145,0.03766796549759128,0.062139363283000196,50000,0,0.16293598681611715,0.14372295758606599,0.18325722221091284,50000,0
SUPPORTIVE_POST_PRIMARY_READ_ONLY,aishell5,pooled,public,cap224_fallback_guard_minus_cap224_fallback,residual_guard_after_fallback,cap224_fallback,cap224_fallback_guard,control_cap224_fallback_public_sortformer_v2_low_packet_gated,control_cap224_fallback_guarded_public_sortformer_v2_low_packet_gated,36,2,own_minimum_cpcer_assignments,-26,-1414,50000,551255563,-0.0061140389466973755,-0.012865723533831475,-0.0014852367586930518,50000,0,-0.00023342879972704234,-0.001320556593538444,0.0006442459548277227,50000,0,0.003978344686141999,0.0004364169811113511,0.009687684810650445,50000,0
SUPPORTIVE_POST_PRIMARY_READ_ONLY,aishell5,pooled,public,cap224_fallback_guard_minus_cap224_fallback,residual_guard_after_fallback,cap224_fallback,cap224_fallback_guard,control_cap224_fallback_public_sortformer_v2_low_packet_gated,control_cap224_fallback_guarded_public_sortformer_v2_low_packet_gated,36,2,candidate_fixed_to_comparator_assignment,28,-1414,50000,2601581134,-0.005719005593313176,-0.01244624432331079,-0.00117248188256876,50000,0,0.0002513848612445413,-0.00032719743666535653,0.0008915131876106174,50000,0,0.004487404057547939,0.00105516099903233,0.009985456126427646,50000,0
SUPPORTIVE_POST_PRIMARY_READ_ONLY,aishell5,pooled,public,cap224_fallback_guard_minus_raw448,full_control_stack,raw448,cap224_fallback_guard,raw_public_sortformer_v2_low_packet_gated,control_cap224_fallback_guarded_public_sortformer_v2_low_packet_gated,36,14,own_minimum_cpcer_assignments,7349,-185240,50000,1076066245,-1.4266539777165275,-1.6085497861999325,-1.254153260813018,50000,0,0.06597954804593162,0.05039445021056521,0.08226633777102854,50000,0,0.22922646269895036,0.20959055096438334,0.24909556056893628,50000,0
SUPPORTIVE_POST_PRIMARY_READ_ONLY,aishell5,pooled,public,cap224_fallback_guard_minus_raw448,full_control_stack,raw448,cap224_fallback_guard,raw_public_sortformer_v2_low_packet_gated,control_cap224_fallback_guarded_public_sortformer_v2_low_packet_gated,36,14,candidate_fixed_to_comparator_assignment,6197,-185240,50000,2212854733,-1.393875187416392,-1.5778443591205173,-1.2227543764394726,50000,0,0.05563685661187076,0.041790227996540204,0.06998555781544229,50000,0,0.21836652944229018,0.19704627621912005,0.2394242388617831,50000,0
SUPPORTIVE_POST_PRIMARY_READ_ONLY,aishell5,pooled,public,cap224_compression_abstention_minus_raw448,deletion_anchor_not_recommended_policy,raw448,cap224_compression_abstention,raw_public_sortformer_v2_low_packet_gated,control_cap224_cr24_abstain_public_sortformer_v2_low_packet_gated,36,15,own_minimum_cpcer_assignments,4878,-206594,50000,2091254777,-1.5042870096872951,-1.6985958519491722,-1.3231964086103394,50000,0,0.04379483404110143,0.027388206853798783,0.06144608735984318,50000,0,0.2809213963790812,0.26023410427016563,0.30148123930085197,50000,0
SUPPORTIVE_POST_PRIMARY_READ_ONLY,aishell5,pooled,public,cap224_compression_abstention_minus_raw448,deletion_anchor_not_recommended_policy,raw448,cap224_compression_abstention,raw_public_sortformer_v2_low_packet_gated,control_cap224_cr24_abstain_public_sortformer_v2_low_packet_gated,36,15,candidate_fixed_to_comparator_assignment,3042,-206594,50000,3246340924,-1.456039072389862,-1.6483486594711785,-1.2763817743730372,50000,0,0.027311169568066923,0.014768180676674226,0.04060913105237988,50000,0,0.2592510314293621,0.23541870150806193,0.28243258052330844,50000,0
SUPPORTIVE_POST_PRIMARY_READ_ONLY,misp2022,pooled,learned,guard448_minus_raw448,original_decode_guard_effect,raw448,guard448,raw_cfg_low_packet_gated,guarded_cfg_low_packet_gated,8,4,own_minimum_cpcer_assignments,761,-85819,50000,3649938208,-1.50788778948724,-1.9776396839060038,-1.0363412380659072,50000,0,0.01633362666609431,-0.01441717791411043,0.04792902658756315,50000,0,0.20245462025931577,0.14050451373007383,0.2523995914267022,50000,0
SUPPORTIVE_POST_PRIMARY_READ_ONLY,misp2022,pooled,learned,guard448_minus_raw448,original_decode_guard_effect,raw448,guard448,raw_cfg_low_packet_gated,guarded_cfg_low_packet_gated,8,4,candidate_fixed_to_comparator_assignment,209,-85819,50000,116923161,-1.4978858577836922,-1.9643003903842202,-1.0192603685677442,50000,0,0.0044858449056684735,-0.02764561526518755,0.03099842492124605,50000,0,0.18851663419730186,0.11863746620790035,0.24515342497436843,50000,0
SUPPORTIVE_POST_PRIMARY_READ_ONLY,misp2022,pooled,learned,cap224_minus_raw448,decoder_cap_stage,raw448,cap224,raw_cfg_low_packet_gated,control_cap224_cfg_low_packet_gated,8,5,own_minimum_cpcer_assignments,-196,-47177,50000,1238283556,-0.9618810499881951,-1.2747326054619441,-0.6496527143118258,50000,0,-0.004206821059861338,-0.02507753291297829,0.021113558784187095,50000,0,0.04848010191192631,0.024977907338378444,0.07530493348582556,50000,0
SUPPORTIVE_POST_PRIMARY_READ_ONLY,misp2022,pooled,learned,cap224_minus_raw448,decoder_cap_stage,raw448,cap224,raw_cfg_low_packet_gated,control_cap224_cfg_low_packet_gated,8,5,candidate_fixed_to_comparator_assignment,-510,-47177,50000,2172472104,-0.9564078899358246,-1.2710770471964503,-0.6354118052878273,50000,0,-0.010946320104741253,-0.028183694315315505,0.006446199452905062,50000,0,0.044467117222613095,0.021873525341437165,0.07088146678640864,50000,0
SUPPORTIVE_POST_PRIMARY_READ_ONLY,misp2022,pooled,learned,cap224_guard_minus_cap224,guard_after_cap,cap224,cap224_guard,control_cap224_cfg_low_packet_gated,control_cap224_guarded_cfg_low_packet_gated,8,3,own_minimum_cpcer_assignments,1010,-39979,50000,2602565362,-0.5636710952759116,-0.7342994249152608,-0.3976480292505499,50000,0,0.021678006481938572,0.0,0.043815252206655386,50000,0,0.16538751155325848,0.12384396287458954,0.19912548612785066,50000,0
SUPPORTIVE_POST_PRIMARY_READ_ONLY,misp2022,pooled,learned,cap224_guard_minus_cap224,guard_after_cap,cap224,cap224_guard,control_cap224_cfg_low_packet_gated,control_cap224_guarded_cfg_low_packet_gated,8,3,candidate_fixed_to_comparator_assignment,771,-39979,50000,2394878704,-0.5572750101951021,-0.7271714415643473,-0.3937347547203903,50000,0,0.01654826039363827,-0.0019637978503157503,0.033340085071906,50000,0,0.1591419213580511,0.11403216117733499,0.19734245979370313,50000,0
SUPPORTIVE_POST_PRIMARY_READ_ONLY,misp2022,pooled,learned,cap224_fallback_minus_cap224,fallback_stage,cap224,cap224_fallback,control_cap224_cfg_low_packet_gated,control_cap224_fallback_cfg_low_packet_gated,8,4,own_minimum_cpcer_assignments,884,-38113,50000,1585660480,-0.5729218089330558,-0.7411462957482491,-0.4119056724028043,50000,0,0.018973621514884853,-0.010340750295603579,0.04776873898175485,50000,0,0.14837235282479483,0.09446517218968645,0.18661913582511763,50000,0
SUPPORTIVE_POST_PRIMARY_READ_ONLY,misp2022,pooled,learned,cap224_fallback_minus_cap224,fallback_stage,cap224,cap224_fallback,control_cap224_cfg_low_packet_gated,control_cap224_fallback_cfg_low_packet_gated,8,4,candidate_fixed_to_comparator_assignment,608,-38113,50000,2877642439,-0.5478955163014316,-0.7154866903560861,-0.3894537417113989,50000,0,0.013049730634671936,-0.013451417799073134,0.037036222481250936,50000,0,0.14149521929378545,0.08608486941149833,0.18366202157318484,50000,0
SUPPORTIVE_POST_PRIMARY_READ_ONLY,misp2022,pooled,learned,cap224_fallback_guard_minus_cap224_fallback,residual_guard_after_fallback,cap224_fallback,cap224_fallback_guard,control_cap224_fallback_cfg_low_packet_gated,control_cap224_fallback_guarded_cfg_low_packet_gated,8,0,own_minimum_cpcer_assignments,-21,-709,50000,2950657959,-0.003970723959562994,-0.009283561031039078,-0.0001271918243686022,50000,0,-0.00045073082784227725,-0.0011500649230198334,0.00028315911182424935,50000,0,0.004528275591005659,1.529365964031415e-05,0.008429325662754727,50000,0
SUPPORTIVE_POST_PRIMARY_READ_ONLY,misp2022,pooled,learned,cap224_fallback_guard_minus_cap224_fallback,residual_guard_after_fallback,cap224_fallback,cap224_fallback_guard,control_cap224_fallback_cfg_low_packet_gated,control_cap224_fallback_guarded_cfg_low_packet_gated,8,0,candidate_fixed_to_comparator_assignment,-21,-709,50000,3546141960,-0.003970723959562994,-0.009248901318418046,-0.000129409006165787,50000,0,-0.00045073082784227725,-0.0011500649230198334,0.00028315911182424935,50000,0,0.004528275591005659,1.571912894710037e-05,0.008466365371448514,50000,0
SUPPORTIVE_POST_PRIMARY_READ_ONLY,misp2022,pooled,learned,cap224_fallback_guard_minus_raw448,full_control_stack,raw448,cap224_fallback_guard,raw_cfg_low_packet_gated,control_cap224_fallback_guarded_cfg_low_packet_gated,8,4,own_minimum_cpcer_assignments,667,-85999,50000,4107883779,-1.5387735828808138,-2.0011785743314636,-1.0678930244930533,50000,0,0.014316069627181238,-0.022797987170130235,0.05127676831732642,50000,0,0.2013807303277268,0.13062574606560706,0.25876001672106946,50000,0
SUPPORTIVE_POST_PRIMARY_READ_ONLY,misp2022,pooled,learned,cap224_fallback_guard_minus_raw448,full_control_stack,raw448,cap224_fallback_guard,raw_cfg_low_packet_gated,control_cap224_fallback_guarded_cfg_low_packet_gated,8,4,candidate_fixed_to_comparator_assignment,274,-85999,50000,3268318427,-1.5230409306518427,-1.9865752451959349,-1.0490107601527248,50000,0,0.005880964134704125,-0.026199669056811925,0.034734961286480015,50000,0,0.19141218324980475,0.11860502075583393,0.24921361249522775,50000,0
SUPPORTIVE_POST_PRIMARY_READ_ONLY,misp2022,pooled,learned,cap224_compression_abstention_minus_raw448,deletion_anchor_not_recommended_policy,raw448,cap224_compression_abstention,raw_cfg_low_packet_gated,control_cap224_cr24_abstain_cfg_low_packet_gated,8,4,own_minimum_cpcer_assignments,-96,-95449,50000,1419535880,-1.5895129960722028,-2.0763842988347516,-1.102039832184019,50000,0,-0.0020604837844218626,-0.030304731955675346,0.02868155293813654,50000,0,0.2660753761988454,0.2015571755592446,0.3156164810202511,50000,0
SUPPORTIVE_POST_PRIMARY_READ_ONLY,misp2022,pooled,learned,cap224_compression_abstention_minus_raw448,deletion_anchor_not_recommended_policy,raw448,cap224_compression_abstention,raw_cfg_low_packet_gated,control_cap224_cr24_abstain_cfg_low_packet_gated,8,4,candidate_fixed_to_comparator_assignment,-485,-95449,50000,2129157054,-1.5730935159150907,-2.0591173242053866,-1.077567764830242,50000,0,-0.010409735785881391,-0.035075161059413024,0.012692974490217113,50000,0,0.2530974620065454,0.17956000381971526,0.3089292843400012,50000,0
SUPPORTIVE_POST_PRIMARY_READ_ONLY,misp2022,pooled,public,guard448_minus_raw448,original_decode_guard_effect,raw448,guard448,raw_public_sortformer_v2_low_packet_gated,guarded_public_sortformer_v2_low_packet_gated,8,1,own_minimum_cpcer_assignments,150,-82103,50000,3248461104,-1.4398703612285635,-2.0871505056513984,-0.9271691934562434,50000,0,0.0032195059131591985,-0.025306889438101263,0.032458681299397794,50000,0,0.18694218178106298,0.11725508372092676,0.25326927770096086,50000,0
SUPPORTIVE_POST_PRIMARY_READ_ONLY,misp2022,pooled,public,guard448_minus_raw448,original_decode_guard_effect,raw448,guard448,raw_public_sortformer_v2_low_packet_gated,guarded_public_sortformer_v2_low_packet_gated,8,1,candidate_fixed_to_comparator_assignment,206,-82103,50000,1691035440,-1.4390976798094053,-2.0818201802593976,-0.9262304042678795,50000,0,0.004421454787405299,-0.022259343490248967,0.032335842083915434,50000,0,0.18831800174519342,0.1198434921743208,0.25343156272061984,50000,0
SUPPORTIVE_POST_PRIMARY_READ_ONLY,misp2022,pooled,public,cap224_minus_raw448,decoder_cap_stage,raw448,cap224,raw_public_sortformer_v2_low_packet_gated,control_cap224_public_sortformer_v2_low_packet_gated,8,1,own_minimum_cpcer_assignments,-347,-45695,50000,212535957,-0.9518361915391385,-1.357636348858002,-0.6101912103313645,50000,0,-0.007447790345774946,-0.02601010609385379,0.012857110233163604,50000,0,0.049336911978983794,0.02173093276831889,0.07959217399958801,50000,0
SUPPORTIVE_POST_PRIMARY_READ_ONLY,misp2022,pooled,public,cap224_minus_raw448,decoder_cap_stage,raw448,cap224,raw_public_sortformer_v2_low_packet_gated,control_cap224_public_sortformer_v2_low_packet_gated,8,1,candidate_fixed_to_comparator_assignment,-136,-45695,50000,489494050,-0.9481015646798738,-1.3567282321899734,-0.6038863976083708,50000,0,-0.0029190186945976804,-0.019139527384955557,0.015273673010994193,50000,0,0.052073227160994134,0.027129919842997847,0.08104495004484333,50000,0
SUPPORTIVE_POST_PRIMARY_READ_ONLY,misp2022,pooled,public,cap224_guard_minus_cap224,guard_after_cap,cap224,cap224_guard,control_cap224_public_sortformer_v2_low_packet_gated,control_cap224_guarded_public_sortformer_v2_low_packet_gated,8,2,own_minimum_cpcer_assignments,721,-38045,50000,964580195,-0.5034019445815716,-0.7525285863339224,-0.3077679449360866,50000,0,0.015475091755918519,0.002028710666166833,0.0355007555682092,50000,0,0.15497963113905186,0.10804712704802223,0.19917281030383438,50000,0
SUPPORTIVE_POST_PRIMARY_READ_ONLY,misp2022,pooled,public,cap224_guard_minus_cap224,guard_after_cap,cap224,cap224_guard,control_cap224_public_sortformer_v2_low_packet_gated,control_cap224_guarded_public_sortformer_v2_low_packet_gated,8,2,candidate_fixed_to_comparator_assignment,450,-38045,50000,609616695,-0.5004614625142194,-0.7470446194225722,-0.30301114360230763,50000,0,0.009658517739477596,-0.004546332215766474,0.025737973760932953,50000,0,0.14804265269232067,0.09958035587273427,0.1946972994213205,50000,0
SUPPORTIVE_POST_PRIMARY_READ_ONLY,misp2022,pooled,public,cap224_fallback_minus_cap224,fallback_stage,cap224,cap224_fallback,control_cap224_public_sortformer_v2_low_packet_gated,control_cap224_fallback_public_sortformer_v2_low_packet_gated,8,3,own_minimum_cpcer_assignments,677,-37429,50000,3074364435,-0.502994140499238,-0.7483710579602638,-0.3124975689447276,50000,0,0.014530703354725172,-0.009840894383326276,0.03767945819297919,50000,0,0.14928881499414423,0.10159673164524931,0.19212222787605107,50000,0
SUPPORTIVE_POST_PRIMARY_READ_ONLY,misp2022,pooled,public,cap224_fallback_minus_cap224,fallback_stage,cap224,cap224_fallback,control_cap224_public_sortformer_v2_low_packet_gated,control_cap224_fallback_public_sortformer_v2_low_packet_gated,8,3,candidate_fixed_to_comparator_assignment,409,-37429,50000,308259348,-0.4979073211564464,-0.7411189518556875,-0.30587308682972525,50000,0,0.008778519456547396,-0.016781292984869328,0.03070350201443306,50000,0,0.1425351231439351,0.09135388027205314,0.187521561969786,50000,0
SUPPORTIVE_POST_PRIMARY_READ_ONLY,misp2022,pooled,public,cap224_fallback_guard_minus_cap224_fallback,residual_guard_after_fallback,cap224_fallback,cap224_fallback_guard,control_cap224_fallback_public_sortformer_v2_low_packet_gated,control_cap224_fallback_guarded_public_sortformer_v2_low_packet_gated,8,1,own_minimum_cpcer_assignments,108,-203,50000,104101002,-0.0012448756197549482,-0.003601962448506413,0.0,50000,0,0.0023180442574746163,0.0,0.006707102490322303,50000,0,0.004224111461442082,0.0,0.011683694671338785,50000,0
SUPPORTIVE_POST_PRIMARY_READ_ONLY,misp2022,pooled,public,cap224_fallback_guard_minus_cap224_fallback,residual_guard_after_fallback,cap224_fallback,cap224_fallback_guard,control_cap224_fallback_public_sortformer_v2_low_packet_gated,control_cap224_fallback_guarded_public_sortformer_v2_low_packet_gated,8,1,candidate_fixed_to_comparator_assignment,-7,-203,50000,1030929312,-0.0010087785194565768,-0.0029446776517763062,0.0,50000,0,-0.00015024360928075908,-0.00043856901196664966,0.0,50000,0,0.0013111704041711136,0.0,0.003100017690990997,50000,0
SUPPORTIVE_POST_PRIMARY_READ_ONLY,misp2022,pooled,public,cap224_fallback_guard_minus_raw448,full_control_stack,raw448,cap224_fallback_guard,raw_public_sortformer_v2_low_packet_gated,control_cap224_fallback_guarded_public_sortformer_v2_low_packet_gated,8,2,own_minimum_cpcer_assignments,438,-83327,50000,1452319250,-1.4560752076581314,-2.103546308385629,-0.9376547489353273,50000,0,0.009400957266424842,-0.021199921206624218,0.04000938636630297,50000,0,0.2028498384345701,0.132625647807048,0.2640301021125824,50000,0
SUPPORTIVE_POST_PRIMARY_READ_ONLY,misp2022,pooled,public,cap224_fallback_guard_minus_raw448,full_control_stack,raw448,cap224_fallback_guard,raw_public_sortformer_v2_low_packet_gated,control_cap224_fallback_guarded_public_sortformer_v2_low_packet_gated,8,2,candidate_fixed_to_comparator_assignment,212,-83327,50000,1974089003,-1.4538000901461656,-2.0897871283028246,-0.9405735226738001,50000,0,0.004550235023931648,-0.03253525125390366,0.0397491718922523,50000,0,0.19712527600897672,0.12199887776324947,0.26243732626253424,50000,0
SUPPORTIVE_POST_PRIMARY_READ_ONLY,misp2022,pooled,public,cap224_compression_abstention_minus_raw448,deletion_anchor_not_recommended_policy,raw448,cap224_compression_abstention,raw_public_sortformer_v2_low_packet_gated,control_cap224_cr24_abstain_public_sortformer_v2_low_packet_gated,8,2,own_minimum_cpcer_assignments,-504,-92494,50000,2890795994,-1.5108282715545922,-2.1815007737893026,-0.9725428125480886,50000,0,-0.010817539868214904,-0.03768912103746398,0.017993549482261118,50000,0,0.2605943623831492,0.1651588381513449,0.34045474827942757,50000,0
SUPPORTIVE_POST_PRIMARY_READ_ONLY,misp2022,pooled,public,cap224_compression_abstention_minus_raw448,deletion_anchor_not_recommended_policy,raw448,cap224_compression_abstention,raw_public_sortformer_v2_low_packet_gated,control_cap224_cr24_abstain_public_sortformer_v2_low_packet_gated,8,2,candidate_fixed_to_comparator_assignment,-576,-92494,50000,2178910699,-1.509197055225258,-2.1783250389799016,-0.9744919924229379,50000,0,-0.012362902706531315,-0.041383961415842385,0.01809280979092298,50000,0,0.2582190654710352,0.16210768972279566,0.33750614150977487,50000,0
