schema,corpus,reference_cell,decoder_condition,source,method,meetings,windows,micro_cpcer,cp_substitutions,cp_deletions,cp_insertions,cp_errors,reference_characters,input_unicode_characters,output_unicode_characters,deleted_unicode_characters,output_character_retention,modified_window_count,exact_event_count,residual_v035_modified_window_count,residual_v035_exact_event_count,transform_runtime_seconds,runtime_microseconds_per_window,runtime_p50_microseconds_per_window,runtime_p95_microseconds_per_window,micro_cpcer_delta_vs_identity,micro_cpcer_delta_vs_canonical_guard,input_v035_modified_window_count,input_v035_exact_event_count
delooping_direct_baselines_v046_postprimary_v1_aggregate,aishell5,eval1,cap224_fallback,learned,existing_canonical_guard_keep2,18,1744,1.0318152191624572,15265,16575,18818,50658,49096,53481,52974,507,0.9905199977562125,9,9,0,0,0.0593845,34.05074541284404,4.2,144.37,-0.005316115365813889,0.0,9,9
delooping_direct_baselines_v046_postprimary_v1_aggregate,aishell5,eval2,cap224_fallback,learned,existing_canonical_guard_keep2,18,1904,1.0163115898983737,17074,28331,17898,63303,62287,54223,53304,919,0.983051472622319,12,13,0,0,0.066577,34.966911764705884,3.8,155.60499999999988,-0.0035159824682517993,0.0,12,13
delooping_direct_baselines_v046_postprimary_v1_aggregate,aishell5,eval1,cap224_fallback,learned,identity_raw,18,1744,1.037131334528271,15333,16487,19099,50919,49096,53481,53481,0,1.0,0,0,9,9,0.0,0.0,0.0,0.0,0.0,0.005316115365813889,9,9
delooping_direct_baselines_v046_postprimary_v1_aggregate,aishell5,eval2,cap224_fallback,learned,identity_raw,18,1904,1.0198275723666255,17803,27620,18099,63522,62287,54223,54223,0,1.0,0,0,12,13,0.0,0.0,0.0,0.0,0.0,0.0035159824682517993,12,13
delooping_direct_baselines_v046_postprimary_v1_aggregate,aishell5,eval1,cap224_fallback,learned,ltr_greedy_character_keep2,18,1744,1.0318152191624572,15265,16575,18818,50658,49096,53481,52974,507,0.9905199977562125,9,9,0,0,0.0535904,30.728440366972478,3.9,135.585,-0.005316115365813889,0.0,9,9
delooping_direct_baselines_v046_postprimary_v1_aggregate,aishell5,eval2,cap224_fallback,learned,ltr_greedy_character_keep2,18,1904,1.0163115898983737,17074,28331,17898,63303,62287,54223,53304,919,0.983051472622319,12,13,0,0,0.053607,28.154936974789916,3.6,144.585,-0.0035159824682517993,0.0,12,13
delooping_direct_baselines_v046_postprimary_v1_aggregate,aishell5,eval1,cap224_fallback,learned,whisper_token_exact_keep2,18,1744,1.0318152191624572,15265,16575,18818,50658,49096,53481,52976,505,0.9905573942147679,9,9,0,0,0.1869225,107.18033256880734,47.2,313.4,-0.005316115365813889,0.0,9,9
delooping_direct_baselines_v046_postprimary_v1_aggregate,aishell5,eval2,cap224_fallback,learned,whisper_token_exact_keep2,18,1904,1.0166487389021786,17061,28344,17919,63324,62287,54223,53319,904,0.9833281079984508,12,13,1,1,0.2223031,116.75582983193277,45.35,328.0649999999999,-0.0031788334644469174,0.0003371490038048819,12,13
delooping_direct_baselines_v046_postprimary_v1_aggregate,aishell5,eval1,cap224_fallback,public,existing_canonical_guard_keep2,18,1744,1.0683355059475315,15147,17092,20212,52451,49096,53938,53643,295,0.9945307575364307,4,4,0,0,0.0597168,34.24128440366973,4.5,143.42499999999995,-0.004684699364510214,0.0,4,4
delooping_direct_baselines_v046_postprimary_v1_aggregate,aishell5,eval2,cap224_fallback,public,existing_canonical_guard_keep2,18,1904,1.0206624175189045,18225,26887,18462,63574,62287,57051,55587,1464,0.9743387495398854,9,10,0,0,0.0761217,39.97988445378151,3.9,159.485,-0.007240676224573361,0.0,9,10
delooping_direct_baselines_v046_postprimary_v1_aggregate,aishell5,eval1,cap224_fallback,public,identity_raw,18,1744,1.0730202053120417,15185,17049,20447,52681,49096,53938,53938,0,1.0,0,0,4,4,0.0,0.0,0.0,0.0,0.0,0.004684699364510214,4,4
delooping_direct_baselines_v046_postprimary_v1_aggregate,aishell5,eval2,cap224_fallback,public,identity_raw,18,1904,1.0279030937434779,18868,26223,18934,64025,62287,57051,57051,0,1.0,0,0,9,10,0.0,0.0,0.0,0.0,0.0,0.007240676224573361,9,10
delooping_direct_baselines_v046_postprimary_v1_aggregate,aishell5,eval1,cap224_fallback,public,ltr_greedy_character_keep2,18,1744,1.0683355059475315,15147,17092,20212,52451,49096,53938,53643,295,0.9945307575364307,4,4,0,0,0.0556165,31.89019495412844,4.15,137.00999999999993,-0.004684699364510214,0.0,4,4
delooping_direct_baselines_v046_postprimary_v1_aggregate,aishell5,eval2,cap224_fallback,public,ltr_greedy_character_keep2,18,1904,1.0206624175189045,18225,26887,18462,63574,62287,57051,55587,1464,0.9743387495398854,9,10,0,0,0.0572806,30.0843487394958,3.7,152.985,-0.007240676224573361,0.0,9,10
delooping_direct_baselines_v046_postprimary_v1_aggregate,aishell5,eval1,cap224_fallback,public,whisper_token_exact_keep2,18,1744,1.0682540329151051,15147,17092,20208,52447,49096,53938,53640,298,0.994475138121547,5,5,0,0,0.1888948,108.31123853211008,50.2,328.04499999999973,-0.004766172396936552,-8.147303242633797e-05,4,4
delooping_direct_baselines_v046_postprimary_v1_aggregate,aishell5,eval2,cap224_fallback,public,whisper_token_exact_keep2,18,1904,1.0204215968019008,18182,26884,18493,63559,62287,57051,55627,1424,0.9750398766016372,10,10,2,3,0.2063286,108.36586134453782,43.55,330.66999999999996,-0.0074814969415770705,-0.0002408207170037091,9,10
delooping_direct_baselines_v046_postprimary_v1_aggregate,aishell5,eval1,raw448,learned,existing_canonical_guard_keep2,18,1744,1.038923741241649,13186,18442,19379,51007,49096,136389,51124,85265,0.3748396131652846,209,218,0,0,2.196798,1259.6318807339449,4.9,8518.149999999949,-1.4367361903210036,0.0,209,218
delooping_direct_baselines_v046_postprimary_v1_aggregate,aishell5,eval2,raw448,learned,existing_canonical_guard_keep2,18,1904,1.0304397386292485,18610,28479,17094,64183,62287,169708,52300,117408,0.30817639710561673,289,300,0,0,2.9008642,1523.5631302521008,4.4,9984.524999999998,-1.469568288727985,0.0,289,300
delooping_direct_baselines_v046_postprimary_v1_aggregate,aishell5,eval1,raw448,learned,identity_raw,18,1744,2.4756599315626526,30267,4758,86520,121545,49096,136389,136389,0,1.0,0,0,209,218,0.0,0.0,0.0,0.0,0.0,1.4367361903210036,209,218
delooping_direct_baselines_v046_postprimary_v1_aggregate,aishell5,eval2,raw448,learned,identity_raw,18,1904,2.5000080273572336,46632,3822,105264,155718,62287,169708,169708,0,1.0,0,0,289,300,0.0,0.0,0.0,0.0,0.0,1.469568288727985,289,300
delooping_direct_baselines_v046_postprimary_v1_aggregate,aishell5,eval1,raw448,learned,ltr_greedy_character_keep2,18,1744,1.038923741241649,13186,18442,19379,51007,49096,136389,51124,85265,0.3748396131652846,209,218,0,0,0.0716178,41.065252293577984,4.8,166.72499999999997,-1.4367361903210036,0.0,209,218
delooping_direct_baselines_v046_postprimary_v1_aggregate,aishell5,eval2,raw448,learned,ltr_greedy_character_keep2,18,1904,1.0304397386292485,18610,28479,17094,64183,62287,169708,52300,117408,0.30817639710561673,289,300,0,0,0.0810793,42.583665966386555,4.4,165.885,-1.469568288727985,0.0,289,300
delooping_direct_baselines_v046_postprimary_v1_aggregate,aishell5,eval1,raw448,learned,whisper_token_exact_keep2,18,1744,1.001038781163435,12830,18827,17490,49147,49096,136389,48715,87674,0.3571768984302253,213,221,2,2,7.5434901,4325.395699541285,77.9,27386.714999999967,-1.4746211503992177,-0.03788496007821407,209,218
delooping_direct_baselines_v046_postprimary_v1_aggregate,aishell5,eval2,raw448,learned,whisper_token_exact_keep2,18,1904,1.013614397867934,16431,29693,17011,63135,62287,169708,50580,119128,0.29804134159851037,290,303,0,0,9.4834181,4980.786817226891,75.0,35373.80999999999,-1.4863936294892997,-0.01682534076131459,289,300
delooping_direct_baselines_v046_postprimary_v1_aggregate,aishell5,eval1,raw448,public,existing_canonical_guard_keep2,18,1744,1.0708204334365325,14755,17301,20517,52573,49096,137641,53308,84333,0.38729738958595183,200,206,0,0,2.1160956,1213.3575688073395,5.5,6055.189999999991,-1.4535807397751344,0.0,200,206
delooping_direct_baselines_v046_postprimary_v1_aggregate,aishell5,eval2,raw448,public,existing_canonical_guard_keep2,18,1904,1.0168413954757816,16413,29325,17598,63336,62287,165357,51785,113572,0.3131708969079023,281,295,0,0,2.4817513,1303.4408088235293,4.7,9105.564999999999,-1.4072920513108673,0.0,281,295
delooping_direct_baselines_v046_postprimary_v1_aggregate,aishell5,eval1,raw448,public,identity_raw,18,1744,2.524401173211667,30876,4492,88570,123938,49096,137641,137641,0,1.0,0,0,200,206,0.0,0.0,0.0,0.0,0.0,1.4535807397751344,200,206
delooping_direct_baselines_v046_postprimary_v1_aggregate,aishell5,eval2,raw448,public,identity_raw,18,1904,2.424133446786649,43529,5803,101660,150992,62287,165357,165357,0,1.0,0,0,281,295,0.0,0.0,0.0,0.0,0.0,1.4072920513108673,281,295
delooping_direct_baselines_v046_postprimary_v1_aggregate,aishell5,eval1,raw448,public,ltr_greedy_character_keep2,18,1744,1.0708204334365325,14755,17301,20517,52573,49096,137641,53308,84333,0.38729738958595183,200,206,0,0,0.0699881,40.13079128440367,5.25,149.64499999999987,-1.4535807397751344,0.0,200,206
delooping_direct_baselines_v046_postprimary_v1_aggregate,aishell5,eval2,raw448,public,ltr_greedy_character_keep2,18,1904,1.0168413954757816,16413,29325,17598,63336,62287,165357,51785,113572,0.3131708969079023,281,295,0,0,0.0740383,38.88566176470588,4.6,164.57,-1.4072920513108673,0.0,281,295
delooping_direct_baselines_v046_postprimary_v1_aggregate,aishell5,eval1,raw448,public,whisper_token_exact_keep2,18,1744,1.0641396447775786,13988,18013,20244,52245,49096,137641,52323,85318,0.38014109168053123,202,208,0,0,6.7875659,3891.9529243119264,72.35,22757.959999999985,-1.4602615284340883,-0.00668078865895394,200,206
delooping_direct_baselines_v046_postprimary_v1_aggregate,aishell5,eval2,raw448,public,whisper_token_exact_keep2,18,1904,1.0168895596191823,16444,29294,17601,63339,62287,165357,51819,113538,0.313376512636296,281,294,1,1,8.5509297,4491.034506302521,64.2,30580.05999999997,-1.4072438871674666,4.816414340069741e-05,281,295
delooping_direct_baselines_v046_postprimary_v1_aggregate,misp2022,eval_le4spk_subset,cap224_fallback,learned,existing_canonical_guard_keep2,8,1368,0.9820351570045717,17715,17603,10436,45754,46591,41823,41114,709,0.983047605384597,4,4,0,0,0.0584774,42.746637426900584,3.9,161.865,-0.003970723959562994,0.0,4,4
delooping_direct_baselines_v046_postprimary_v1_aggregate,misp2022,eval_le4spk_subset,cap224_fallback,learned,identity_raw,8,1368,0.9860058809641347,18197,17100,10642,45939,46591,41823,41823,0,1.0,0,0,4,4,0.0,0.0,0.0,0.0,0.0,0.003970723959562994,4,4
delooping_direct_baselines_v046_postprimary_v1_aggregate,misp2022,eval_le4spk_subset,cap224_fallback,learned,ltr_greedy_character_keep2,8,1368,0.9820351570045717,17715,17603,10436,45754,46591,41823,41114,709,0.983047605384597,4,4,0,0,0.0430251,31.451096491228068,3.55,157.91999999999987,-0.003970723959562994,0.0,4,4
delooping_direct_baselines_v046_postprimary_v1_aggregate,misp2022,eval_le4spk_subset,cap224_fallback,learned,whisper_token_exact_keep2,8,1368,0.9820351570045717,17761,17557,10436,45754,46591,41823,41160,663,0.9841474786600675,3,3,1,1,0.1599271,116.90577485380116,46.2,348.795,-0.003970723959562994,0.0,4,4
delooping_direct_baselines_v046_postprimary_v1_aggregate,misp2022,eval_le4spk_subset,cap224_fallback,public,existing_canonical_guard_keep2,8,1368,1.0,16289,18707,11595,46591,46591,41000,40783,217,0.9947073170731707,3,3,0,0,0.0450114,32.90307017543859,4.0,161.1,-0.0012448756197549482,0.0,3,3
delooping_direct_baselines_v046_postprimary_v1_aggregate,misp2022,eval_le4spk_subset,cap224_fallback,public,identity_raw,8,1368,1.001244875619755,16650,18454,11545,46649,46591,41000,41000,0,1.0,0,0,3,3,0.0,0.0,0.0,0.0,0.0,0.0012448756197549482,3,3
delooping_direct_baselines_v046_postprimary_v1_aggregate,misp2022,eval_le4spk_subset,cap224_fallback,public,ltr_greedy_character_keep2,8,1368,1.0,16289,18707,11595,46591,46591,41000,40783,217,0.9947073170731707,3,3,0,0,0.0412615,30.161915204678365,3.6,149.65999999999994,-0.0012448756197549482,0.0,3,3
delooping_direct_baselines_v046_postprimary_v1_aggregate,misp2022,eval_le4spk_subset,cap224_fallback,public,whisper_token_exact_keep2,8,1368,0.9999785366272456,16282,18713,11595,46590,46591,41000,40777,223,0.9945609756097561,4,4,0,0,0.1356989,99.19510233918129,45.25,326.7,-0.001266338992509386,-2.146337275443777e-05,3,3
delooping_direct_baselines_v046_postprimary_v1_aggregate,misp2022,eval_le4spk_subset,raw448,learned,existing_canonical_guard_keep2,8,1368,1.0129209503981456,16268,18956,11969,47193,46591,130479,40561,89918,0.31086228435227126,221,229,0,0,1.5714311,1148.7069444444444,5.2,6268.114999999994,-1.50788778948724,0.0,221,229
delooping_direct_baselines_v046_postprimary_v1_aggregate,misp2022,eval_le4spk_subset,raw448,learned,identity_raw,8,1368,2.5208087398853856,33355,2630,81462,117447,46591,130479,130479,0,1.0,0,0,221,229,0.0,0.0,0.0,0.0,0.0,1.50788778948724,221,229
delooping_direct_baselines_v046_postprimary_v1_aggregate,misp2022,eval_le4spk_subset,raw448,learned,ltr_greedy_character_keep2,8,1368,1.0129209503981456,16268,18956,11969,47193,46591,130479,40561,89918,0.31086228435227126,221,229,0,0,0.061537,44.98318713450292,4.9,180.95499999999987,-1.50788778948724,0.0,221,229
delooping_direct_baselines_v046_postprimary_v1_aggregate,misp2022,eval_le4spk_subset,raw448,learned,whisper_token_exact_keep2,8,1368,0.9913931875254878,16323,18953,10914,46190,46591,130479,39509,90970,0.30279968424037584,223,233,0,0,5.5297297,4042.2000730994155,77.8,23024.65999999997,-1.5294155523598978,-0.021527762872657785,221,229
delooping_direct_baselines_v046_postprimary_v1_aggregate,misp2022,eval_le4spk_subset,raw448,public,existing_canonical_guard_keep2,8,1368,1.0162048464295679,17334,17950,12062,47346,46591,128141,41778,86363,0.3260314809467696,215,232,0,0,1.6161636,1181.4061403508772,4.85,6030.374999999997,-1.4398703612285635,0.0,215,232
delooping_direct_baselines_v046_postprimary_v1_aggregate,misp2022,eval_le4spk_subset,raw448,public,identity_raw,8,1368,2.4560752076581314,32652,2782,78997,114431,46591,128141,128141,0,1.0,0,0,215,232,0.0,0.0,0.0,0.0,0.0,1.4398703612285635,215,232
delooping_direct_baselines_v046_postprimary_v1_aggregate,misp2022,eval_le4spk_subset,raw448,public,ltr_greedy_character_keep2,8,1368,1.0162048464295679,17334,17950,12062,47346,46591,128141,41778,86363,0.3260314809467696,215,232,0,0,0.0638742,46.69166666666666,4.7,185.5399999999995,-1.4398703612285635,0.0,215,232
delooping_direct_baselines_v046_postprimary_v1_aggregate,misp2022,eval_le4spk_subset,raw448,public,whisper_token_exact_keep2,8,1368,1.0189306947693761,16790,18346,12337,47473,46591,128141,41658,86483,0.3250950125252651,216,232,4,4,5.7347027,4192.034137426901,73.65,22482.685,-1.4371445128887552,0.002725848339808268,215,232
