arm,session,reference_chars,substitutions,deletions,insertions,errors,cpcer
A,A5E1_001,1415,582,465,268,1315,0.9293286219081273
A,A5E1_002,3204,1193,1104,1464,3761,1.173845193508115
A,A5E1_003,2425,573,1119,550,2242,0.9245360824742268
A,A5E1_004,2543,686,803,777,2266,0.8910735351946519
A,A5E1_005,2979,626,1034,806,2466,0.8277945619335347
A,A5E1_006,2142,551,1058,802,2411,1.1255835667600373
A,A5E1_007,2939,938,1116,1167,3221,1.0959510037427695
A,A5E1_008,4270,1245,1115,2917,5277,1.235831381733021
A,A5E1_009,2496,720,1286,751,2757,1.1045673076923077
A,A5E1_010,1860,572,916,325,1813,0.9747311827956989
A,A5E1_011,2265,1021,566,708,2295,1.0132450331125828
A,A5E1_012,3189,1317,989,1663,3969,1.244590780809031
A,A5E1_013,3256,714,968,1731,3413,1.0482186732186731
A,A5E1_014,2420,776,786,1139,2701,1.116115702479339
A,A5E1_015,4528,880,1456,3010,5346,1.1806537102473498
A,A5E1_016,2631,696,879,395,1970,0.7487647282402129
A,A5E1_017,2196,1145,576,1057,2778,1.2650273224043715
A,A5E1_018,2338,950,813,917,2680,1.146278870829769
B,A5E1_001,1415,582,465,268,1315,0.9293286219081273
B,A5E1_002,3204,1193,1104,1464,3761,1.173845193508115
B,A5E1_003,2425,573,1119,550,2242,0.9245360824742268
B,A5E1_004,2543,686,803,777,2266,0.8910735351946519
B,A5E1_005,2979,626,1034,806,2466,0.8277945619335347
B,A5E1_006,2142,551,1058,802,2411,1.1255835667600373
B,A5E1_007,2939,938,1116,1167,3221,1.0959510037427695
B,A5E1_008,4270,1245,1115,2778,5138,1.20327868852459
B,A5E1_009,2496,720,1286,751,2757,1.1045673076923077
B,A5E1_010,1860,572,916,325,1813,0.9747311827956989
B,A5E1_011,2265,1036,570,649,2255,0.9955849889624724
B,A5E1_012,3189,1264,1028,1626,3918,1.2285983066792099
B,A5E1_013,3256,714,968,1731,3413,1.0482186732186731
B,A5E1_014,2420,776,786,1139,2701,1.116115702479339
B,A5E1_015,4528,880,1456,3010,5346,1.1806537102473498
B,A5E1_016,2631,696,879,395,1970,0.7487647282402129
B,A5E1_017,2196,1145,576,1057,2778,1.2650273224043715
B,A5E1_018,2338,950,813,917,2680,1.146278870829769
C,A5E1_001,1415,631,467,451,1549,1.0946996466431096
C,A5E1_002,3204,960,1248,1509,3717,1.1601123595505618
C,A5E1_003,2425,570,1151,490,2211,0.9117525773195876
C,A5E1_004,2543,724,761,802,2287,0.8993314982304365
C,A5E1_005,2979,666,1066,998,2730,0.9164149043303121
C,A5E1_006,2142,481,1130,826,2437,1.1377217553688141
C,A5E1_007,2939,690,1250,1150,3090,1.0513780197346037
C,A5E1_008,4270,1284,1117,2992,5393,1.2629976580796254
C,A5E1_009,2496,1048,974,954,2976,1.1923076923076923
C,A5E1_010,1860,653,798,502,1953,1.05
C,A5E1_011,2265,1155,377,567,2099,0.9267108167770419
C,A5E1_012,3189,505,1414,1964,3883,1.2176230793352147
C,A5E1_013,3256,806,845,2557,4208,1.2923832923832923
C,A5E1_014,2420,766,746,1239,2751,1.1367768595041323
C,A5E1_015,4528,897,1456,3226,5579,1.2321113074204948
C,A5E1_016,2631,679,914,414,2007,0.7628278221208666
C,A5E1_017,2196,1298,430,1104,2832,1.289617486338798
C,A5E1_018,2338,661,915,1219,2795,1.1954662104362703
D,A5E1_001,1415,631,467,451,1549,1.0946996466431096
D,A5E1_002,3204,960,1248,1509,3717,1.1601123595505618
D,A5E1_003,2425,570,1151,490,2211,0.9117525773195876
D,A5E1_004,2543,724,761,802,2287,0.8993314982304365
D,A5E1_005,2979,666,1066,998,2730,0.9164149043303121
D,A5E1_006,2142,481,1130,826,2437,1.1377217553688141
D,A5E1_007,2939,690,1250,1150,3090,1.0513780197346037
D,A5E1_008,4270,1284,1117,2992,5393,1.2629976580796254
D,A5E1_009,2496,1048,974,954,2976,1.1923076923076923
D,A5E1_010,1860,653,798,502,1953,1.05
D,A5E1_011,2265,1155,377,567,2099,0.9267108167770419
D,A5E1_012,3189,505,1414,1964,3883,1.2176230793352147
D,A5E1_013,3256,806,845,2557,4208,1.2923832923832923
D,A5E1_014,2420,766,746,1239,2751,1.1367768595041323
D,A5E1_015,4528,897,1456,3226,5579,1.2321113074204948
D,A5E1_016,2631,679,914,414,2007,0.7628278221208666
D,A5E1_017,2196,1298,430,1104,2832,1.289617486338798
D,A5E1_018,2338,661,915,1219,2795,1.1954662104362703
