variant_id,gate_role,protocol_neighbor_key,varied_axis,varied_value,max_period_chars,min_repetitions,min_span_chars,keep_repetitions,split,source,meetings,reference_characters,substitutions,deletions,insertions,errors,micro_cpcer,events,modified_records,removed_characters,raw_micro_cpcer,default_micro_cpcer,raw_to_candidate_micro_cpcer_reduction,raw_to_default_micro_cpcer_reduction,fraction_of_default_raw_to_guard_reduction,candidate_minus_raw_micro_cpcer_delta,candidate_minus_raw_ci_low,candidate_minus_raw_ci_high,candidate_vs_raw_wins,candidate_vs_raw_ties,candidate_vs_raw_losses,candidate_vs_raw_worst_recording_delta,candidate_minus_default_micro_cpcer_delta,candidate_minus_default_ci_low,candidate_minus_default_ci_high,candidate_vs_default_wins,candidate_vs_default_ties,candidate_vs_default_losses,candidate_vs_default_worst_recording_delta,bootstrap_draws,candidate_vs_raw_bootstrap_seed,candidate_vs_default_bootstrap_seed
default,frozen_default,,default,0,12,6,24,2,Eval1,learned,18,49096,13186,18442,19379,51007,1.038923741241649,218,209,85265,2.4756599315626526,1.038923741241649,1.4367361903210036,1.4367361903210036,1.0,-1.4367361903210039,-1.6546036869752494,-1.2260766191199746,18,0,0,-0.6520661157024793,0.0,0.0,0.0,0,18,0,0.0,50000,27072301,
default,frozen_default,,default,0,12,6,24,2,Eval1,public,18,49096,14755,17301,20517,52573,1.0708204334365325,206,200,84333,2.524401173211667,1.0708204334365325,1.4535807397751344,1.4535807397751344,1.0,-1.4535807397751344,-1.7404271665462006,-1.1788958902562292,18,0,0,-0.18434055492208287,0.0,0.0,0.0,0,18,0,0.0,50000,27072302,
default,frozen_default,,default,0,12,6,24,2,Eval2,learned,18,62287,18610,28479,17094,64183,1.0304397386292485,300,289,117408,2.5000080273572336,1.0304397386292485,1.469568288727985,1.469568288727985,1.0,-1.469568288727985,-1.6629943581142357,-1.272166192410352,18,0,0,-0.7520686484829912,0.0,0.0,0.0,0,18,0,0.0,50000,27072303,
default,frozen_default,,default,0,12,6,24,2,Eval2,public,18,62287,16413,29325,17598,63336,1.0168413954757816,295,281,113572,2.424133446786649,1.0168413954757816,1.4072920513108673,1.4072920513108673,1.0,-1.4072920513108675,-1.6568365561096503,-1.1915525625217251,18,0,0,-0.6504468718967229,0.0,0.0,0.0,0,18,0,0.0,50000,27072304,
max_period_chars_4,remote_stress,max_period_chars=4,max_period_chars,4,4,6,24,2,Eval1,learned,18,49096,24108,10385,33480,67973,1.3844916082776602,157,152,61678,2.4756599315626526,1.038923741241649,1.0911683232849925,1.4367361903210036,0.7594771612464203,-1.0911683232849927,-1.290175501219309,-0.8946909753397192,18,0,0,-0.1925619834710744,0.34556786703601106,0.270707634380105,0.4244435714297265,0,0,18,0.7258278145695364,50000,27072305,27082305
max_period_chars_4,remote_stress,max_period_chars=4,max_period_chars,4,4,6,24,2,Eval1,public,18,49096,27581,8185,37510,73276,1.4925044810167833,136,135,56602,2.524401173211667,1.0708204334365325,1.0318966921948836,1.4535807397751344,0.7098998108316402,-1.0318966921948836,-1.2988011619501076,-0.7822626339114775,18,0,0,-0.18434055492208287,0.42168404758025096,0.3297395008117145,0.5266607453413676,0,1,17,1.3371024734982333,50000,27072306,27082306
max_period_chars_4,remote_stress,max_period_chars=4,max_period_chars,4,4,6,24,2,Eval2,learned,18,62287,33439,16246,34342,84027,1.3490294925104758,220,216,86471,2.5000080273572336,1.0304397386292485,1.1509785348467578,1.469568288727985,0.7832086087289015,-1.1509785348467578,-1.291043108934209,-1.0171509767763056,18,0,0,-0.7391970579221575,0.31858975388122723,0.2159146899780526,0.42440153836855493,0,0,18,0.6555215446197316,50000,27072307,27082307
max_period_chars_4,remote_stress,max_period_chars=4,max_period_chars,4,4,6,24,2,Eval2,public,18,62287,33974,15598,35811,85383,1.3707996853275966,208,201,79604,2.424133446786649,1.0168413954757816,1.0533337614590523,1.4072920513108673,0.7484827051200146,-1.0533337614590526,-1.312973714825503,-0.8425741799783424,18,0,0,-0.40011350737797957,0.353958289851815,0.27646235807538705,0.4373335665210436,0,0,18,0.6849799575571799,50000,27072308,27082308
max_period_chars_8,one_step_neighbor,max_period_chars=8,max_period_chars,8,8,6,24,2,Eval1,learned,18,49096,14864,17180,23285,55329,1.1269553527782303,205,196,79823,2.4756599315626526,1.038923741241649,1.3487045787844223,1.4367361903210036,0.9387280614704131,-1.3487045787844223,-1.5495401900454655,-1.1579731361928047,18,0,0,-0.6520661157024793,0.08803161153658139,0.041145905420771234,0.13890732014597532,0,9,9,0.4088300220750552,50000,27072309,27082309
max_period_chars_8,one_step_neighbor,max_period_chars=8,max_period_chars,8,8,6,24,2,Eval1,public,18,49096,16876,15817,23053,55746,1.1354489164086687,196,191,80077,2.524401173211667,1.0708204334365325,1.3889522568029982,1.4535807397751344,0.9555384292019898,-1.3889522568029982,-1.678660063363889,-1.1082830773497392,18,0,0,-0.18434055492208287,0.06462848297213622,0.022328737007083814,0.11710376760083989,0,11,7,0.36074380165289255,50000,27072310,27082310
max_period_chars_8,one_step_neighbor,max_period_chars=8,max_period_chars,8,8,6,24,2,Eval2,learned,18,62287,21267,25550,21201,68018,1.0920095686098223,280,271,110200,2.5000080273572336,1.0304397386292485,1.4079984587474113,1.469568288727985,0.9581034576937784,-1.4079984587474113,-1.6031923131584669,-1.2174571756300303,18,0,0,-0.7441005209929513,0.061569829980573795,0.014576366966189778,0.12104665359721498,0,8,10,0.36996996996996995,50000,27072311,27082311
max_period_chars_8,one_step_neighbor,max_period_chars=8,max_period_chars,8,8,6,24,2,Eval2,public,18,62287,20985,26012,20326,67323,1.0808515420553246,278,267,107287,2.424133446786649,1.0168413954757816,1.3432819047313242,1.4072920513108673,0.9545153782969791,-1.3432819047313242,-1.6018758288300126,-1.1307187767670153,18,0,0,-0.6504468718967229,0.06401014657954308,0.02742001869906791,0.10617834362333735,0,9,9,0.25375375375375375,50000,27072312,27082312
max_period_chars_16,one_step_neighbor,max_period_chars=16,max_period_chars,16,16,6,24,2,Eval1,learned,18,49096,13157,18529,17452,49138,1.0008554668404759,222,213,87401,2.4756599315626526,1.038923741241649,1.4748044647221767,1.4367361903210036,1.0264963565737615,-1.474804464722177,-1.70205403613335,-1.26089597825651,18,0,0,-0.7303229852618376,-0.03806827440117321,-0.07699545115882366,-0.00870984749270764,4,14,0,0.0,50000,27072313,27082313
max_period_chars_16,one_step_neighbor,max_period_chars=16,max_period_chars,16,16,6,24,2,Eval1,public,18,49096,13082,18813,19215,51110,1.0410216718266254,213,206,87179,2.524401173211667,1.0708204334365325,1.4833795013850415,1.4535807397751344,1.0205002452182443,-1.4833795013850415,-1.7731952819664565,-1.2022605018653911,18,0,0,-0.18434055492208287,-0.02979876160990712,-0.05603579696500116,-0.009345410821959206,6,12,0,0.0,50000,27072314,27082314
max_period_chars_16,one_step_neighbor,max_period_chars=16,max_period_chars,16,16,6,24,2,Eval2,learned,18,62287,16429,29697,17040,63166,1.014112094016408,301,290,119104,2.5000080273572336,1.0304397386292485,1.4858959333408257,1.469568288727985,1.0111105041787296,-1.4858959333408255,-1.6805373091314195,-1.2871906755695335,18,0,0,-0.7520686484829912,-0.016327644612840562,-0.050987730610427044,0.0,1,17,0,0.0,50000,27072315,27082315
max_period_chars_16,one_step_neighbor,max_period_chars=16,max_period_chars,16,16,6,24,2,Eval2,public,18,62287,16413,29325,16972,62710,1.0067911442195001,298,282,114283,2.424133446786649,1.0168413954757816,1.4173423025671488,1.4072920513108673,1.0071415533448937,-1.4173423025671488,-1.6684540534069539,-1.2013370725252173,18,0,0,-0.6504468718967229,-0.010050251256281407,-0.028554483471038172,0.0,2,16,0,0.0,50000,27072316,27082316
min_repetitions_4,one_step_neighbor,min_repetitions=4,min_repetitions,4,12,4,24,2,Eval1,learned,18,49096,13164,18464,19313,50941,1.0375794362066155,222,209,85359,2.4756599315626526,1.038923741241649,1.438080495356037,1.4367361903210036,1.0009356658822195,-1.438080495356037,-1.6556472572574248,-1.2275646310312849,18,0,0,-0.6520661157024793,-0.001344305035033404,-0.0029919922154980605,0.0,3,15,0,0.0,50000,27072317,27082317
min_repetitions_4,one_step_neighbor,min_repetitions=4,min_repetitions,4,12,4,24,2,Eval1,public,18,49096,14734,17320,20476,52530,1.06994459833795,210,201,84393,2.524401173211667,1.0708204334365325,1.4544565748737168,1.4535807397751344,1.000602536257269,-1.4544565748737168,-1.7415385866827164,-1.1761991990091187,18,0,0,-0.18434055492208287,-0.0008758350985823692,-0.0017644370242634996,-0.00015940407000257257,4,14,0,0.0,50000,27072318,27082318
min_repetitions_4,one_step_neighbor,min_repetitions=4,min_repetitions,4,12,4,24,2,Eval2,learned,18,62287,18610,28479,17062,64151,1.0299259877663076,302,289,117440,2.5000080273572336,1.0304397386292485,1.470082039590926,1.469568288727985,1.000349593051838,-1.470082039590926,-1.6632949931860976,-1.27387058880067,18,0,0,-0.7520686484829912,-0.0005137508629409026,-0.0015630692352497984,0.0,1,17,0,0.0,50000,27072319,27082319
min_repetitions_4,one_step_neighbor,min_repetitions=4,min_repetitions,4,12,4,24,2,Eval2,public,18,62287,16414,29325,17508,63247,1.0154125258882272,300,282,113662,2.424133446786649,1.0168413954757816,1.4087209208984217,1.4072920513108673,1.0010153326640503,-1.4087209208984217,-1.661531942391221,-1.1953199962880108,18,0,0,-0.6504468718967229,-0.0014288695875543853,-0.0025777539021913376,-0.0004471999414464779,5,13,0,0.0,50000,27072320,27082320
min_repetitions_8,one_step_neighbor,min_repetitions=8,min_repetitions,8,12,8,24,2,Eval1,learned,18,49096,13186,18442,19471,51099,1.0407976209874532,214,208,85169,2.4756599315626526,1.038923741241649,1.4348623105751994,1.4367361903210036,0.9986957384672092,-1.4348623105751996,-1.6531320665726992,-1.2230176135093265,18,0,0,-0.6520661157024793,0.0018738797458041389,0.0,0.004006975064870562,0,15,3,0.012285012285012284,50000,27072321,27082321
min_repetitions_8,one_step_neighbor,min_repetitions=8,min_repetitions,8,12,8,24,2,Eval1,public,18,49096,14755,17301,20557,52613,1.0716351637607953,205,200,84293,2.524401173211667,1.0708204334365325,1.4527660094508716,1.4535807397751344,0.9994395011560289,-1.4527660094508719,-1.743036882555513,-1.176406446456503,18,0,0,-0.18434055492208287,0.0008147303242626691,0.0,0.002752232031543759,0,17,1,0.028268551236749116,50000,27072322,27082322
min_repetitions_8,one_step_neighbor,min_repetitions=8,min_repetitions,8,12,8,24,2,Eval2,learned,18,62287,18610,28479,17146,64235,1.0312745837815274,298,288,117356,2.5000080273572336,1.0304397386292485,1.4687334435757062,1.469568288727985,0.9994319112907631,-1.468733443575706,-1.6620871179611016,-1.2729337407682881,18,0,0,-0.7520686484829912,0.0008348451522789667,0.0,0.002099618942597996,0,16,2,0.008447729672650475,50000,27072323,27082323
min_repetitions_8,one_step_neighbor,min_repetitions=8,min_repetitions,8,12,8,24,2,Eval2,public,18,62287,16436,29301,17614,63351,1.017082216192785,293,281,113532,2.424133446786649,1.0168413954757816,1.4070512305938638,1.4072920513108673,0.9998288765172949,-1.4070512305938638,-1.6588750928009486,-1.1929958739860704,18,0,0,-0.6504468718967229,0.0002408207170035481,-4.598971593328556e-05,0.0007783388306706249,1,16,1,0.003861003861003861,50000,27072324,27082324
min_repetitions_10,remote_stress,min_repetitions=10,min_repetitions,10,12,10,24,2,Eval1,learned,18,49096,13186,18442,19506,51134,1.041510510021183,213,208,85134,2.4756599315626526,1.038923741241649,1.4341494215414696,1.4367361903210036,0.9981995520145169,-1.4341494215414698,-1.6509524448166182,-1.223277575254568,18,0,0,-0.6520661157024793,0.0025867687795339744,0.0006771109421211772,0.004726020426067659,0,14,4,0.012285012285012284,50000,27072325,27082325
min_repetitions_10,remote_stress,min_repetitions=10,min_repetitions,10,12,10,24,2,Eval1,public,18,49096,14795,17259,20611,52665,1.0726943131823365,203,200,84197,2.524401173211667,1.0708204334365325,1.4517068600293304,1.4535807397751344,0.9987108526588665,-1.4517068600293304,-1.7404869068649982,-1.1729614716486705,18,0,0,-0.18434055492208287,0.0018738797458041389,0.0,0.00451497116107958,0,15,3,0.028268551236749116,50000,27072326,27082326
min_repetitions_10,remote_stress,min_repetitions=10,min_repetitions,10,12,10,24,2,Eval2,learned,18,62287,18610,28479,17182,64271,1.031852553502336,297,288,117320,2.5000080273572336,1.0304397386292485,1.4681554738548976,1.469568288727985,0.9990386191074453,-1.4681554738548974,-1.6603681229616971,-1.2738937935777905,18,0,0,-0.7520686484829912,0.0014128148730874822,0.0,0.003593028673101458,0,16,2,0.015891032917139614,50000,27072327,27082327
min_repetitions_10,remote_stress,min_repetitions=10,min_repetitions,10,12,10,24,2,Eval2,public,18,62287,16504,29232,17673,63409,1.0180133896318655,290,279,113384,2.424133446786649,1.0168413954757816,1.4061200571547834,1.4072920513108673,0.9991671990508351,-1.4061200571547836,-1.6592538353726778,-1.1901578024518569,18,0,0,-0.6504468718967229,0.001171994156083934,-4.629994027737824e-05,0.003622533708696054,1,16,1,0.017857142857142856,50000,27072328,27082328
min_span_chars_16,one_step_neighbor,min_span_chars=16,min_span_chars,16,12,6,16,2,Eval1,learned,18,49096,13181,18454,19379,51014,1.039066319048395,219,210,85277,2.4756599315626526,1.038923741241649,1.4365936125142575,1.4367361903210036,0.9999007627094615,-1.4365936125142578,-1.6547208791248698,-1.2261624732298593,18,0,0,-0.6520661157024793,0.00014257780674596708,0.0,0.0004817549659045279,0,17,1,0.0049469964664310955,50000,27072329,27082329
min_span_chars_16,one_step_neighbor,min_span_chars=16,min_span_chars,16,12,6,16,2,Eval1,public,18,49096,14755,17301,20517,52573,1.0708204334365325,206,200,84333,2.524401173211667,1.0708204334365325,1.4535807397751344,1.4535807397751344,1.0,-1.4535807397751344,-1.738306755023874,-1.175613966040651,18,0,0,-0.18434055492208287,0.0,0.0,0.0,0,18,0,0.0,50000,27072330,27082330
min_span_chars_16,one_step_neighbor,min_span_chars=16,min_span_chars,16,12,6,16,2,Eval2,learned,18,62287,18599,28491,17062,64152,1.0299420424807746,303,290,117452,2.5000080273572336,1.0304397386292485,1.470065984876459,1.469568288727985,1.0003386682689681,-1.470065984876459,-1.6631557102694723,-1.274575335438327,18,0,0,-0.7520686484829912,-0.0004976961484739994,-0.0013131024077465885,3.112988243095188e-05,2,15,1,0.00024826216484607745,50000,27072331,27082331
min_span_chars_16,one_step_neighbor,min_span_chars=16,min_span_chars,16,12,6,16,2,Eval2,public,18,62287,16371,29365,17581,63317,1.0165363559009104,299,283,113629,2.424133446786649,1.0168413954757816,1.4075970908857385,1.4072920513108673,1.0002167564114264,-1.4075970908857387,-1.6602956733401657,-1.1912300622700147,18,0,0,-0.6511916583912611,-0.00030503957487116093,-0.0008163010518483046,0.0,3,15,0,0.0,50000,27072332,27082332
min_span_chars_32,one_step_neighbor,min_span_chars=32,min_span_chars,32,12,6,32,2,Eval1,learned,18,49096,13186,18442,19431,51059,1.0399828906631905,215,208,85209,2.4756599315626526,1.038923741241649,1.4356770408994621,1.4367361903210036,0.9992628086988573,-1.4356770408994624,-1.6515993085128609,-1.2243141377911615,18,0,0,-0.6520661157024793,0.0010591494215414698,0.0,0.0026616176968689083,0,16,2,0.008430913348946136,50000,27072333,27082333
min_span_chars_32,one_step_neighbor,min_span_chars=32,min_span_chars,32,12,6,32,2,Eval1,public,18,49096,14755,17301,20517,52573,1.0708204334365325,206,200,84333,2.524401173211667,1.0708204334365325,1.4535807397751344,1.4535807397751344,1.0,-1.4535807397751344,-1.7386752004455415,-1.1728384714192157,18,0,0,-0.18434055492208287,0.0,0.0,0.0,0,18,0,0.0,50000,27072334,27082334
min_span_chars_32,one_step_neighbor,min_span_chars=32,min_span_chars,32,12,6,32,2,Eval2,learned,18,62287,18610,28479,17114,64203,1.0307608329185864,299,288,117388,2.5000080273572336,1.0304397386292485,1.4692471944386472,1.469568288727985,0.9997815043426013,-1.469247194438647,-1.6643070990965751,-1.2734806804947811,18,0,0,-0.7520686484829912,0.0003210942893380641,0.0,0.001004588037288801,0,17,1,0.0056753688989784334,50000,27072335,27082335
min_span_chars_32,one_step_neighbor,min_span_chars=32,min_span_chars,32,12,6,32,2,Eval2,public,18,62287,16413,29325,17614,63352,1.017098270907252,294,281,113556,2.424133446786649,1.0168413954757816,1.4070351758793969,1.4072920513108673,0.9998174682851145,-1.407035175879397,-1.6580383897069624,-1.1925470762089816,18,0,0,-0.6504468718967229,0.0002568754314704513,0.0,0.0007820907730599463,0,17,1,0.003861003861003861,50000,27072336,27082336
min_span_chars_48,remote_stress,min_span_chars=48,min_span_chars,48,12,6,48,2,Eval1,learned,18,49096,13186,18442,19534,51162,1.042080821248167,211,208,85075,2.4756599315626526,1.038923741241649,1.4335791103144857,1.4367361903210036,0.9978026028523632,-1.433579110314486,-1.6518945904972648,-1.2227883982491923,18,0,0,-0.6520661157024793,0.0031570800065178427,0.0009535828225504464,0.005425200054252,0,13,5,0.015670103092783504,50000,27072337,27082337
min_span_chars_48,remote_stress,min_span_chars=48,min_span_chars,48,12,6,48,2,Eval1,public,18,49096,14755,17301,20517,52573,1.0708204334365325,206,200,84333,2.524401173211667,1.0708204334365325,1.4535807397751344,1.4535807397751344,1.0,-1.4535807397751344,-1.737623195051431,-1.1780265092718003,18,0,0,-0.18434055492208287,0.0,0.0,0.0,0,18,0,0.0,50000,27072338,27082338
min_span_chars_48,remote_stress,min_span_chars=48,min_span_chars,48,12,6,48,2,Eval2,learned,18,62287,18610,28479,17114,64203,1.0307608329185864,299,288,117388,2.5000080273572336,1.0304397386292485,1.4692471944386472,1.469568288727985,0.9997815043426013,-1.469247194438647,-1.662687732153152,-1.2725507156692104,18,0,0,-0.7520686484829912,0.0003210942893380641,0.0,0.0010018400466540061,0,17,1,0.0056753688989784334,50000,27072339,27082339
min_span_chars_48,remote_stress,min_span_chars=48,min_span_chars,48,12,6,48,2,Eval2,public,18,62287,16497,29239,17644,63380,1.0175478029123253,290,281,113440,2.424133446786649,1.0168413954757816,1.4065856438743236,1.4072920513108673,0.999498037784065,-1.4065856438743236,-1.6578402465715858,-1.194150619567107,18,0,0,-0.6504468718967229,0.0007064074365437411,-5.1509264371921474e-05,0.001863865085225114,2,14,2,0.00791974656810982,50000,27072340,27082340
keep_repetitions_1,one_step_neighbor,keep_repetitions=1,keep_repetitions,1,12,6,24,1,Eval1,learned,18,49096,13002,18662,18892,50556,1.0297376568355874,218,209,86017,2.4756599315626526,1.038923741241649,1.4459222747270652,1.4367361903210036,1.0063937168618333,-1.4459222747270652,-1.6637302838327357,-1.2334475499285686,18,0,0,-0.6582644628099174,-0.009186084406061593,-0.01095651936208493,-0.007476555677209814,18,0,0,-0.0049410870391486126,50000,27072341,27082341
keep_repetitions_1,one_step_neighbor,keep_repetitions=1,keep_repetitions,1,12,6,24,1,Eval1,public,18,49096,14573,17540,20029,52142,1.0620417141926022,206,200,85097,2.524401173211667,1.0708204334365325,1.4623594590190647,1.4535807397751344,1.006039375043789,-1.4623594590190647,-1.748347703153801,-1.1834067578887977,18,0,0,-0.185480805777271,-0.008778719243930259,-0.010975057009289397,-0.006743021702847727,18,0,0,-0.0011402508551881414,50000,27072342,27082342
keep_repetitions_1,one_step_neighbor,keep_repetitions=1,keep_repetitions,1,12,6,24,1,Eval2,learned,18,62287,18278,28884,16507,63669,1.0221876153932603,300,289,118445,2.5000080273572336,1.0304397386292485,1.4778204119639733,1.469568288727985,1.0056153383951494,-1.4778204119639733,-1.6707883975219298,-1.279414766329595,18,0,0,-0.7526815813668404,-0.008252123235988248,-0.010817119417593878,-0.005673504587354127,17,0,1,0.0002652519893899204,50000,27072343,27082343
keep_repetitions_1,one_step_neighbor,keep_repetitions=1,keep_repetitions,1,12,6,24,1,Eval2,public,18,62287,16082,29721,17000,62803,1.008284232664922,295,281,114626,2.424133446786649,1.0168413954757816,1.415849214121727,1.4072920513108673,1.0060805877521222,-1.415849214121727,-1.6653203388772608,-1.200659428656991,18,0,0,-0.6549155908639523,-0.00855716281085941,-0.010538150855894466,-0.006636584446602015,18,0,0,-0.0007957559681697613,50000,27072344,27082344
keep_repetitions_3,one_step_neighbor,keep_repetitions=3,keep_repetitions,3,12,6,24,3,Eval1,learned,18,49096,13361,18229,19873,51463,1.0482116669382435,218,209,84513,2.4756599315626526,1.038923741241649,1.427448264624409,1.4367361903210036,0.9935353993592105,-1.4274482646244093,-1.6445508137127045,-1.218491135355727,18,0,0,-0.6458677685950414,0.009287925696594427,0.007518300676425779,0.01113008742539791,0,0,18,0.016777041942604858,50000,27072345,27082345
keep_repetitions_3,one_step_neighbor,keep_repetitions=3,keep_repetitions,3,12,6,24,3,Eval1,public,18,49096,14985,17047,20990,53022,1.079965781326381,206,200,83569,2.524401173211667,1.0708204334365325,1.444435391885286,1.4535807397751344,0.9937084004764241,-1.444435391885286,-1.7276304312204984,-1.167488259105006,18,0,0,-0.18320030406689472,0.00914534788984846,0.007117247729199295,0.01133921676631649,0,0,18,0.021908127208480566,50000,27072346,27082346
keep_repetitions_3,one_step_neighbor,keep_repetitions=3,keep_repetitions,3,12,6,24,3,Eval2,learned,18,62287,18978,28066,17677,64721,1.0390771750124423,300,289,116367,2.5000080273572336,1.0304397386292485,1.4609308523447913,1.469568288727985,0.9941224668159722,-1.460930852344791,-1.652978197226049,-1.2682734756253027,18,0,0,-0.7517621820410665,0.008637436383193925,0.006084191105234523,0.01117671933950407,0,0,18,0.01833976833976834,50000,27072347,27082347
keep_repetitions_3,one_step_neighbor,keep_repetitions=3,keep_repetitions,3,12,6,24,3,Eval2,public,18,62287,16780,28911,18178,63869,1.025398558286641,295,281,112518,2.424133446786649,1.0168413954757816,1.398734888500008,1.4072920513108673,0.993919412247878,-1.398734888500008,-1.645730800844943,-1.183048171838216,18,0,0,-0.6454816285998014,0.00855716281085941,0.006688798778992909,0.010468613219198572,0,0,18,0.015315315315315315,50000,27072348,27082348
