axis,axis_value,variant_id,is_frozen_default,gate_role,split,source,micro_cpcer,substitutions,deletions,insertions,reference_characters,events,modified_records,removed_characters,candidate_vs_raw_wins,candidate_vs_raw_ties,candidate_vs_raw_losses,candidate_minus_raw_micro_cpcer_delta,candidate_minus_raw_ci_low,candidate_minus_raw_ci_high,fraction_of_default_raw_to_guard_reduction
max_period_chars,4,max_period_chars_4,False,remote_stress,Eval1,learned,1.3844916082776602,24108,10385,33480,49096,157,152,61678,18,0,0,-1.0911683232849927,-1.290175501219309,-0.8946909753397192,0.7594771612464203
max_period_chars,4,max_period_chars_4,False,remote_stress,Eval1,public,1.4925044810167833,27581,8185,37510,49096,136,135,56602,18,0,0,-1.0318966921948836,-1.2988011619501076,-0.7822626339114775,0.7098998108316402
max_period_chars,4,max_period_chars_4,False,remote_stress,Eval2,learned,1.3490294925104758,33439,16246,34342,62287,220,216,86471,18,0,0,-1.1509785348467578,-1.291043108934209,-1.0171509767763056,0.7832086087289015
max_period_chars,4,max_period_chars_4,False,remote_stress,Eval2,public,1.3707996853275966,33974,15598,35811,62287,208,201,79604,18,0,0,-1.0533337614590526,-1.312973714825503,-0.8425741799783424,0.7484827051200146
max_period_chars,8,max_period_chars_8,False,one_step_neighbor,Eval1,learned,1.1269553527782303,14864,17180,23285,49096,205,196,79823,18,0,0,-1.3487045787844223,-1.5495401900454655,-1.1579731361928047,0.9387280614704131
max_period_chars,8,max_period_chars_8,False,one_step_neighbor,Eval1,public,1.1354489164086687,16876,15817,23053,49096,196,191,80077,18,0,0,-1.3889522568029982,-1.678660063363889,-1.1082830773497392,0.9555384292019898
max_period_chars,8,max_period_chars_8,False,one_step_neighbor,Eval2,learned,1.0920095686098223,21267,25550,21201,62287,280,271,110200,18,0,0,-1.4079984587474113,-1.6031923131584669,-1.2174571756300303,0.9581034576937784
max_period_chars,8,max_period_chars_8,False,one_step_neighbor,Eval2,public,1.0808515420553246,20985,26012,20326,62287,278,267,107287,18,0,0,-1.3432819047313242,-1.6018758288300126,-1.1307187767670153,0.9545153782969791
max_period_chars,12,default,True,frozen_default,Eval1,learned,1.038923741241649,13186,18442,19379,49096,218,209,85265,18,0,0,-1.4367361903210039,-1.6546036869752494,-1.2260766191199746,1.0
max_period_chars,12,default,True,frozen_default,Eval1,public,1.0708204334365325,14755,17301,20517,49096,206,200,84333,18,0,0,-1.4535807397751344,-1.7404271665462006,-1.1788958902562292,1.0
max_period_chars,12,default,True,frozen_default,Eval2,learned,1.0304397386292485,18610,28479,17094,62287,300,289,117408,18,0,0,-1.469568288727985,-1.6629943581142357,-1.272166192410352,1.0
max_period_chars,12,default,True,frozen_default,Eval2,public,1.0168413954757816,16413,29325,17598,62287,295,281,113572,18,0,0,-1.4072920513108675,-1.6568365561096503,-1.1915525625217251,1.0
max_period_chars,16,max_period_chars_16,False,one_step_neighbor,Eval1,learned,1.0008554668404759,13157,18529,17452,49096,222,213,87401,18,0,0,-1.474804464722177,-1.70205403613335,-1.26089597825651,1.0264963565737615
max_period_chars,16,max_period_chars_16,False,one_step_neighbor,Eval1,public,1.0410216718266254,13082,18813,19215,49096,213,206,87179,18,0,0,-1.4833795013850415,-1.7731952819664565,-1.2022605018653911,1.0205002452182443
max_period_chars,16,max_period_chars_16,False,one_step_neighbor,Eval2,learned,1.014112094016408,16429,29697,17040,62287,301,290,119104,18,0,0,-1.4858959333408255,-1.6805373091314195,-1.2871906755695335,1.0111105041787296
max_period_chars,16,max_period_chars_16,False,one_step_neighbor,Eval2,public,1.0067911442195001,16413,29325,16972,62287,298,282,114283,18,0,0,-1.4173423025671488,-1.6684540534069539,-1.2013370725252173,1.0071415533448937
min_repetitions,4,min_repetitions_4,False,one_step_neighbor,Eval1,learned,1.0375794362066155,13164,18464,19313,49096,222,209,85359,18,0,0,-1.438080495356037,-1.6556472572574248,-1.2275646310312849,1.0009356658822195
min_repetitions,4,min_repetitions_4,False,one_step_neighbor,Eval1,public,1.06994459833795,14734,17320,20476,49096,210,201,84393,18,0,0,-1.4544565748737168,-1.7415385866827164,-1.1761991990091187,1.000602536257269
min_repetitions,4,min_repetitions_4,False,one_step_neighbor,Eval2,learned,1.0299259877663076,18610,28479,17062,62287,302,289,117440,18,0,0,-1.470082039590926,-1.6632949931860976,-1.27387058880067,1.000349593051838
min_repetitions,4,min_repetitions_4,False,one_step_neighbor,Eval2,public,1.0154125258882272,16414,29325,17508,62287,300,282,113662,18,0,0,-1.4087209208984217,-1.661531942391221,-1.1953199962880108,1.0010153326640503
min_repetitions,6,default,True,frozen_default,Eval1,learned,1.038923741241649,13186,18442,19379,49096,218,209,85265,18,0,0,-1.4367361903210039,-1.6546036869752494,-1.2260766191199746,1.0
min_repetitions,6,default,True,frozen_default,Eval1,public,1.0708204334365325,14755,17301,20517,49096,206,200,84333,18,0,0,-1.4535807397751344,-1.7404271665462006,-1.1788958902562292,1.0
min_repetitions,6,default,True,frozen_default,Eval2,learned,1.0304397386292485,18610,28479,17094,62287,300,289,117408,18,0,0,-1.469568288727985,-1.6629943581142357,-1.272166192410352,1.0
min_repetitions,6,default,True,frozen_default,Eval2,public,1.0168413954757816,16413,29325,17598,62287,295,281,113572,18,0,0,-1.4072920513108675,-1.6568365561096503,-1.1915525625217251,1.0
min_repetitions,8,min_repetitions_8,False,one_step_neighbor,Eval1,learned,1.0407976209874532,13186,18442,19471,49096,214,208,85169,18,0,0,-1.4348623105751996,-1.6531320665726992,-1.2230176135093265,0.9986957384672092
min_repetitions,8,min_repetitions_8,False,one_step_neighbor,Eval1,public,1.0716351637607953,14755,17301,20557,49096,205,200,84293,18,0,0,-1.4527660094508719,-1.743036882555513,-1.176406446456503,0.9994395011560289
min_repetitions,8,min_repetitions_8,False,one_step_neighbor,Eval2,learned,1.0312745837815274,18610,28479,17146,62287,298,288,117356,18,0,0,-1.468733443575706,-1.6620871179611016,-1.2729337407682881,0.9994319112907631
min_repetitions,8,min_repetitions_8,False,one_step_neighbor,Eval2,public,1.017082216192785,16436,29301,17614,62287,293,281,113532,18,0,0,-1.4070512305938638,-1.6588750928009486,-1.1929958739860704,0.9998288765172949
min_repetitions,10,min_repetitions_10,False,remote_stress,Eval1,learned,1.041510510021183,13186,18442,19506,49096,213,208,85134,18,0,0,-1.4341494215414698,-1.6509524448166182,-1.223277575254568,0.9981995520145169
min_repetitions,10,min_repetitions_10,False,remote_stress,Eval1,public,1.0726943131823365,14795,17259,20611,49096,203,200,84197,18,0,0,-1.4517068600293304,-1.7404869068649982,-1.1729614716486705,0.9987108526588665
min_repetitions,10,min_repetitions_10,False,remote_stress,Eval2,learned,1.031852553502336,18610,28479,17182,62287,297,288,117320,18,0,0,-1.4681554738548974,-1.6603681229616971,-1.2738937935777905,0.9990386191074453
min_repetitions,10,min_repetitions_10,False,remote_stress,Eval2,public,1.0180133896318655,16504,29232,17673,62287,290,279,113384,18,0,0,-1.4061200571547836,-1.6592538353726778,-1.1901578024518569,0.9991671990508351
min_span_chars,16,min_span_chars_16,False,one_step_neighbor,Eval1,learned,1.039066319048395,13181,18454,19379,49096,219,210,85277,18,0,0,-1.4365936125142578,-1.6547208791248698,-1.2261624732298593,0.9999007627094615
min_span_chars,16,min_span_chars_16,False,one_step_neighbor,Eval1,public,1.0708204334365325,14755,17301,20517,49096,206,200,84333,18,0,0,-1.4535807397751344,-1.738306755023874,-1.175613966040651,1.0
min_span_chars,16,min_span_chars_16,False,one_step_neighbor,Eval2,learned,1.0299420424807746,18599,28491,17062,62287,303,290,117452,18,0,0,-1.470065984876459,-1.6631557102694723,-1.274575335438327,1.0003386682689681
min_span_chars,16,min_span_chars_16,False,one_step_neighbor,Eval2,public,1.0165363559009104,16371,29365,17581,62287,299,283,113629,18,0,0,-1.4075970908857387,-1.6602956733401657,-1.1912300622700147,1.0002167564114264
min_span_chars,24,default,True,frozen_default,Eval1,learned,1.038923741241649,13186,18442,19379,49096,218,209,85265,18,0,0,-1.4367361903210039,-1.6546036869752494,-1.2260766191199746,1.0
min_span_chars,24,default,True,frozen_default,Eval1,public,1.0708204334365325,14755,17301,20517,49096,206,200,84333,18,0,0,-1.4535807397751344,-1.7404271665462006,-1.1788958902562292,1.0
min_span_chars,24,default,True,frozen_default,Eval2,learned,1.0304397386292485,18610,28479,17094,62287,300,289,117408,18,0,0,-1.469568288727985,-1.6629943581142357,-1.272166192410352,1.0
min_span_chars,24,default,True,frozen_default,Eval2,public,1.0168413954757816,16413,29325,17598,62287,295,281,113572,18,0,0,-1.4072920513108675,-1.6568365561096503,-1.1915525625217251,1.0
min_span_chars,32,min_span_chars_32,False,one_step_neighbor,Eval1,learned,1.0399828906631905,13186,18442,19431,49096,215,208,85209,18,0,0,-1.4356770408994624,-1.6515993085128609,-1.2243141377911615,0.9992628086988573
min_span_chars,32,min_span_chars_32,False,one_step_neighbor,Eval1,public,1.0708204334365325,14755,17301,20517,49096,206,200,84333,18,0,0,-1.4535807397751344,-1.7386752004455415,-1.1728384714192157,1.0
min_span_chars,32,min_span_chars_32,False,one_step_neighbor,Eval2,learned,1.0307608329185864,18610,28479,17114,62287,299,288,117388,18,0,0,-1.469247194438647,-1.6643070990965751,-1.2734806804947811,0.9997815043426013
min_span_chars,32,min_span_chars_32,False,one_step_neighbor,Eval2,public,1.017098270907252,16413,29325,17614,62287,294,281,113556,18,0,0,-1.407035175879397,-1.6580383897069624,-1.1925470762089816,0.9998174682851145
min_span_chars,48,min_span_chars_48,False,remote_stress,Eval1,learned,1.042080821248167,13186,18442,19534,49096,211,208,85075,18,0,0,-1.433579110314486,-1.6518945904972648,-1.2227883982491923,0.9978026028523632
min_span_chars,48,min_span_chars_48,False,remote_stress,Eval1,public,1.0708204334365325,14755,17301,20517,49096,206,200,84333,18,0,0,-1.4535807397751344,-1.737623195051431,-1.1780265092718003,1.0
min_span_chars,48,min_span_chars_48,False,remote_stress,Eval2,learned,1.0307608329185864,18610,28479,17114,62287,299,288,117388,18,0,0,-1.469247194438647,-1.662687732153152,-1.2725507156692104,0.9997815043426013
min_span_chars,48,min_span_chars_48,False,remote_stress,Eval2,public,1.0175478029123253,16497,29239,17644,62287,290,281,113440,18,0,0,-1.4065856438743236,-1.6578402465715858,-1.194150619567107,0.999498037784065
keep_repetitions,1,keep_repetitions_1,False,one_step_neighbor,Eval1,learned,1.0297376568355874,13002,18662,18892,49096,218,209,86017,18,0,0,-1.4459222747270652,-1.6637302838327357,-1.2334475499285686,1.0063937168618333
keep_repetitions,1,keep_repetitions_1,False,one_step_neighbor,Eval1,public,1.0620417141926022,14573,17540,20029,49096,206,200,85097,18,0,0,-1.4623594590190647,-1.748347703153801,-1.1834067578887977,1.006039375043789
keep_repetitions,1,keep_repetitions_1,False,one_step_neighbor,Eval2,learned,1.0221876153932603,18278,28884,16507,62287,300,289,118445,18,0,0,-1.4778204119639733,-1.6707883975219298,-1.279414766329595,1.0056153383951494
keep_repetitions,1,keep_repetitions_1,False,one_step_neighbor,Eval2,public,1.008284232664922,16082,29721,17000,62287,295,281,114626,18,0,0,-1.415849214121727,-1.6653203388772608,-1.200659428656991,1.0060805877521222
keep_repetitions,2,default,True,frozen_default,Eval1,learned,1.038923741241649,13186,18442,19379,49096,218,209,85265,18,0,0,-1.4367361903210039,-1.6546036869752494,-1.2260766191199746,1.0
keep_repetitions,2,default,True,frozen_default,Eval1,public,1.0708204334365325,14755,17301,20517,49096,206,200,84333,18,0,0,-1.4535807397751344,-1.7404271665462006,-1.1788958902562292,1.0
keep_repetitions,2,default,True,frozen_default,Eval2,learned,1.0304397386292485,18610,28479,17094,62287,300,289,117408,18,0,0,-1.469568288727985,-1.6629943581142357,-1.272166192410352,1.0
keep_repetitions,2,default,True,frozen_default,Eval2,public,1.0168413954757816,16413,29325,17598,62287,295,281,113572,18,0,0,-1.4072920513108675,-1.6568365561096503,-1.1915525625217251,1.0
keep_repetitions,3,keep_repetitions_3,False,one_step_neighbor,Eval1,learned,1.0482116669382435,13361,18229,19873,49096,218,209,84513,18,0,0,-1.4274482646244093,-1.6445508137127045,-1.218491135355727,0.9935353993592105
keep_repetitions,3,keep_repetitions_3,False,one_step_neighbor,Eval1,public,1.079965781326381,14985,17047,20990,49096,206,200,83569,18,0,0,-1.444435391885286,-1.7276304312204984,-1.167488259105006,0.9937084004764241
keep_repetitions,3,keep_repetitions_3,False,one_step_neighbor,Eval2,learned,1.0390771750124423,18978,28066,17677,62287,300,289,116367,18,0,0,-1.460930852344791,-1.652978197226049,-1.2682734756253027,0.9941224668159722
keep_repetitions,3,keep_repetitions_3,False,one_step_neighbor,Eval2,public,1.025398558286641,16780,28911,18178,62287,295,281,112518,18,0,0,-1.398734888500008,-1.645730800844943,-1.183048171838216,0.993919412247878
