corpus,stratum,source,arm,system,sessions,micro_cpcer,retention_vs_raw448,residual_cr_gt_2_4,exact_period_events,delta_vs_raw448,raw_ci_low,raw_ci_high
aishell5,Eval1,learned,raw448,raw_cfg_low_packet_gated,18,2.4756599315626526,1.0,503,518,0.0,0.0,0.0
aishell5,Eval1,learned,guard448,guarded_cfg_low_packet_gated,18,1.038923741241649,0.3378798224092363,24,0,-1.4367361903210039,-1.6555442004625067,-1.2260182512291065
aishell5,Eval1,learned,cap224,control_cap224_cfg_low_packet_gated,18,1.6066278311878768,0.638526349490521,499,506,-0.869032100374776,-1.00157142826501,-0.7435064506415522
aishell5,Eval1,learned,cap224_guard,control_cap224_guarded_cfg_low_packet_gated,18,1.0125672152517518,0.3279058599071536,18,0,-1.463092716310901,-1.6861870643138932,-1.2489996411215456
aishell5,Eval1,learned,cap224_fallback,control_cap224_fallback_cfg_low_packet_gated,18,1.037131334528271,0.3518623181540492,4,22,-1.4385285970343815,-1.6582183362653409,-1.2373474740276358
aishell5,Eval1,learned,cap224_fallback_guard,control_cap224_fallback_guarded_cfg_low_packet_gated,18,1.0318152191624572,0.34720366419795035,1,0,-1.4438447124001956,-1.665721759610262,-1.239047196177702
aishell5,Eval1,learned,cap224_compression_abstention,control_cap224_cr24_abstain_cfg_low_packet_gated,18,0.9289351474661887,0.2685945958307334,0,6,-1.546724784096464,-1.7797339003580523,-1.3208606581947093
aishell5,Eval1,public,raw448,raw_public_sortformer_v2_low_packet_gated,18,2.524401173211667,1.0,488,501,0.0,0.0,0.0
aishell5,Eval1,public,guard448,guarded_public_sortformer_v2_low_packet_gated,18,1.0708204334365325,0.34684387355692115,24,0,-1.4535807397751344,-1.7386599138628562,-1.1777946178696082
aishell5,Eval1,public,cap224,control_cap224_public_sortformer_v2_low_packet_gated,18,1.6564689587746455,0.6465323203453488,484,489,-0.8679322144370214,-1.0359085192081057,-0.704353281666035
aishell5,Eval1,public,cap224_guard,control_cap224_guarded_public_sortformer_v2_low_packet_gated,18,1.0559312367606322,0.3388636228621971,20,0,-1.4684699364510347,-1.7593356405288865,-1.1864015697082573
aishell5,Eval1,public,cap224_fallback,control_cap224_fallback_public_sortformer_v2_low_packet_gated,18,1.0730202053120417,0.3663027478729233,2,14,-1.4513809678996252,-1.7378325287754202,-1.1758528034409552
aishell5,Eval1,public,cap224_fallback_guard,control_cap224_fallback_guarded_public_sortformer_v2_low_packet_gated,18,1.0683355059475315,0.3604974290259342,0,0,-1.4560656672641357,-1.7430412714603993,-1.1790510566687706
aishell5,Eval1,public,cap224_compression_abstention,control_cap224_cr24_abstain_public_sortformer_v2_low_packet_gated,18,0.9895714518494378,0.28498537944144847,0,5,-1.534829721362229,-1.8332965853765648,-1.2430927625533592
aishell5,Eval2,learned,raw448,raw_cfg_low_packet_gated,18,2.5000080273572336,1.0,503,518,0.0,0.0,0.0
aishell5,Eval2,learned,guard448,guarded_cfg_low_packet_gated,18,1.0304397386292485,0.3378798224092363,24,0,-1.469568288727985,-1.662490411924409,-1.2734530843263085
aishell5,Eval2,learned,cap224,control_cap224_cfg_low_packet_gated,18,1.5974601441713359,0.638526349490521,499,506,-0.9025478831858975,-1.0137976960551014,-0.7877847787172046
aishell5,Eval2,learned,cap224_guard,control_cap224_guarded_cfg_low_packet_gated,18,1.013614397867934,0.3279058599071536,18,0,-1.4863936294892994,-1.679550873774598,-1.290003818649743
aishell5,Eval2,learned,cap224_fallback,control_cap224_fallback_cfg_low_packet_gated,18,1.0198275723666255,0.3518623181540492,4,22,-1.480180454990608,-1.6728856920086221,-1.2792042096408889
aishell5,Eval2,learned,cap224_fallback_guard,control_cap224_fallback_guarded_cfg_low_packet_gated,18,1.0163115898983737,0.34720366419795035,1,0,-1.4836964374588597,-1.6784425102289078,-1.2831495012387322
aishell5,Eval2,learned,cap224_compression_abstention,control_cap224_cr24_abstain_cfg_low_packet_gated,18,0.9499414002921958,0.2685945958307334,0,6,-1.5500666270650376,-1.759973033974625,-1.331965399200419
aishell5,Eval2,public,raw448,raw_public_sortformer_v2_low_packet_gated,18,2.424133446786649,1.0,488,501,0.0,0.0,0.0
aishell5,Eval2,public,guard448,guarded_public_sortformer_v2_low_packet_gated,18,1.0168413954757816,0.34684387355692115,24,0,-1.4072920513108675,-1.656902592342735,-1.1911980261984114
aishell5,Eval2,public,cap224,control_cap224_public_sortformer_v2_low_packet_gated,18,1.570247403149935,0.6465323203453488,484,489,-0.8538860436367139,-1.0009342908955265,-0.7261028497006488
aishell5,Eval2,public,cap224_guard,control_cap224_guarded_public_sortformer_v2_low_packet_gated,18,1.0050411803426076,0.3388636228621971,20,0,-1.4190922664440413,-1.6691307535524245,-1.2051434342672749
aishell5,Eval2,public,cap224_fallback,control_cap224_fallback_public_sortformer_v2_low_packet_gated,18,1.0279030937434779,0.3663027478729233,2,14,-1.3962303530431712,-1.641121833467081,-1.1871295408064757
aishell5,Eval2,public,cap224_fallback_guard,control_cap224_fallback_guarded_public_sortformer_v2_low_packet_gated,18,1.0206624175189045,0.3604974290259342,0,0,-1.4034710292677444,-1.6503719635243541,-1.1897565561411072
aishell5,Eval2,public,cap224_compression_abstention,control_cap224_cr24_abstain_public_sortformer_v2_low_packet_gated,18,0.9439208823671071,0.28498537944144847,0,5,-1.4802125644195419,-1.738703737747839,-1.2621316900077364
aishell5,pooled,learned,raw448,raw_cfg_low_packet_gated,36,2.489275742258693,1.0,503,518,0.0,0.0,0.0
aishell5,pooled,learned,guard448,guarded_cfg_low_packet_gated,36,1.034179363098498,0.3378798224092363,24,0,-1.455096379160195,-1.5989854927815432,-1.3108375288875322
aishell5,pooled,learned,cap224,control_cap224_cfg_low_packet_gated,36,1.6015011267428603,0.638526349490521,499,506,-0.8877746155158328,-0.9738842459686523,-0.8020434472503157
aishell5,pooled,learned,cap224_guard,control_cap224_guarded_cfg_low_packet_gated,36,1.0131528150615443,0.3279058599071536,18,0,-1.4761229271971485,-1.6217704514797913,-1.3308378547745419
aishell5,pooled,learned,cap224_fallback,control_cap224_fallback_cfg_low_packet_gated,36,1.0274548180602068,0.3518623181540492,4,22,-1.4618209241984863,-1.606193582803346,-1.3187621490080477
aishell5,pooled,learned,cap224_fallback_guard,control_cap224_fallback_guarded_cfg_low_packet_gated,36,1.0231453632960146,0.34720366419795035,1,0,-1.4661303789626783,-1.6122993355839692,-1.3232858650495198
aishell5,pooled,learned,cap224_compression_abstention,control_cap224_cr24_abstain_cfg_low_packet_gated,36,0.9406821507770485,0.2685945958307334,0,6,-1.5485935914816444,-1.7023686894729244,-1.3925076016315066
aishell5,pooled,public,raw448,raw_public_sortformer_v2_low_packet_gated,36,2.468329996498568,1.0,488,501,0.0,0.0,0.0
aishell5,pooled,public,guard448,guarded_public_sortformer_v2_low_packet_gated,36,1.0406345672140274,0.34684387355692115,24,0,-1.4276954292845407,-1.6164088135491832,-1.2546371595397006
aishell5,pooled,public,cap224,control_cap224_public_sortformer_v2_low_packet_gated,36,1.6082526058734277,0.6465323203453488,484,489,-0.8600773906251403,-0.9708301974165015,-0.7577520710260761
aishell5,pooled,public,cap224_guard,control_cap224_guarded_public_sortformer_v2_low_packet_gated,36,1.0274727741217242,0.3388636228621971,20,0,-1.4408572223768439,-1.629792245630237,-1.2676889173520518
aishell5,pooled,public,cap224_fallback,control_cap224_fallback_public_sortformer_v2_low_packet_gated,36,1.0477900577287378,0.3663027478729233,2,14,-1.4205399387698303,-1.6050368863888824,-1.248928453797047
aishell5,pooled,public,cap224_fallback_guard,control_cap224_fallback_guarded_public_sortformer_v2_low_packet_gated,36,1.0416760187820404,0.3604974290259342,0,0,-1.4266539777165277,-1.6115205123625527,-1.2540142349502763
aishell5,pooled,public,cap224_compression_abstention,control_cap224_cr24_abstain_public_sortformer_v2_low_packet_gated,36,0.9640429868112728,0.28498537944144847,0,5,-1.5042870096872951,-1.698152845887742,-1.3247700412703765
misp2022,pooled,learned,raw448,raw_cfg_low_packet_gated,8,2.5208087398853856,1.0,226,229,0.0,0.0,0.0
misp2022,pooled,learned,guard448,guarded_cfg_low_packet_gated,8,1.0129209503981456,0.31086228435227126,15,0,-1.50788778948724,-1.977630766062603,-1.0363306616743697
misp2022,pooled,learned,cap224,control_cap224_cfg_low_packet_gated,8,1.5589276898971904,0.6215099747852145,224,223,-0.9618810499881951,-1.269182313256929,-0.6488530870867921
misp2022,pooled,learned,cap224_guard,control_cap224_guarded_cfg_low_packet_gated,8,0.9952565946212788,0.3005387840188843,10,0,-1.5255521452641068,-1.9926721275182644,-1.054929919792595
misp2022,pooled,learned,cap224_fallback,control_cap224_fallback_cfg_low_packet_gated,8,0.9860058809641347,0.32053433885912674,1,4,-1.5348028589212508,-1.998706680391691,-1.0665687387327236
misp2022,pooled,learned,cap224_fallback_guard,control_cap224_fallback_guarded_cfg_low_packet_gated,8,0.9820351570045717,0.31510051425899954,0,0,-1.5387735828808138,-2.0034290694149743,-1.0666697813492805
misp2022,pooled,learned,cap224_compression_abstention,control_cap224_cr24_abstain_cfg_low_packet_gated,8,0.9312957438131828,0.23445152093440325,0,2,-1.5895129960722028,-2.079218522354263,-1.099641679124843
misp2022,pooled,public,raw448,raw_public_sortformer_v2_low_packet_gated,8,2.4560752076581314,1.0,221,232,0.0,0.0,0.0
misp2022,pooled,public,guard448,guarded_public_sortformer_v2_low_packet_gated,8,1.0162048464295679,0.3260314809467696,25,0,-1.4398703612285635,-2.087150505651398,-0.9288808241629595
misp2022,pooled,public,cap224,control_cap224_public_sortformer_v2_low_packet_gated,8,1.504239016118993,0.6245073785907711,220,215,-0.9518361915391385,-1.3602182927281572,-0.6085975330760242
misp2022,pooled,public,cap224_guard,control_cap224_guarded_public_sortformer_v2_low_packet_gated,8,1.0008370715374213,0.3126555903262812,15,0,-1.45523813612071,-2.1061991646515716,-0.9372090720015847
misp2022,pooled,public,cap224_fallback,control_cap224_fallback_public_sortformer_v2_low_packet_gated,8,1.001244875619755,0.3199600440140158,0,3,-1.4548303320383764,-2.108520932464313,-0.9413758011341943
misp2022,pooled,public,cap224_fallback_guard,control_cap224_fallback_guarded_public_sortformer_v2_low_packet_gated,8,1.0,0.31826659695179527,0,0,-1.4560752076581314,-2.1000439657067487,-0.9399196822602789
misp2022,pooled,public,cap224_compression_abstention,control_cap224_cr24_abstain_public_sortformer_v2_low_packet_gated,8,0.9452469361035393,0.24151520590599418,0,1,-1.510828271554592,-2.184765615014003,-0.972415956753626
